date,300106.XSHE,002321.XSHE,600265.XSHG,300498.XSHE,600540.XSHG,000998.XSHE,600097.XSHG,600313.XSHG,300143.XSHE,600467.XSHG,600975.XSHG,002069.XSHE,002772.XSHE,002086.XSHE,601118.XSHG,000713.XSHE,300087.XSHE,600965.XSHG,002447.XSHE,300313.XSHE,600354.XSHG,002234.XSHE,000735.XSHE,600371.XSHG,002200.XSHE,002458.XSHE,600108.XSHG,002746.XSHE,000592.XSHE,300094.XSHE,600257.XSHG,002477.XSHE,000798.XSHE,002041.XSHE,600598.XSHG,002679.XSHE,300189.XSHE,600359.XSHG,600506.XSHG,000711.XSHE,002714.XSHE,300511.XSHE,002696.XSHE
7/1/2016,14.6388,9.47,25.31,36.1139,7.78,18.9,15.4,5.15,23.6,3.87,9.43,8.67,25.6521,8.72,5.57,10.52,11.12,12.89,7.16,16.3,7.92,30.6,6.45,15.83,18.82,44.72,5.0143,43.35,6.8,6.5486,11.29,5.85,11.65,15.24,10.63,22.6,5.5082,10.16,22.48,10.9646,25.582,69.6311,19.2
7/4/2016,15.0684,9.76,25.6,36.646,7.78,19.2,15.64,5.2,24.17,3.96,10.35,8.93,25.7018,9.03,6.13,10.69,11.46,13.1,7.16,16.6,8.23,31.08,6.7,16.01,19.78,46.4,5.1242,45.76,7,6.757,11.56,5.88,11.72,15.76,10.82,22.9,5.6981,11.18,22.62,10.9148,26.0787,72.792,19.67
7/5/2016,14.8886,9.83,25.64,36.4391,7.78,19.63,15.79,5.42,23.91,3.95,10.77,8.91,25.6023,9.04,6.22,10.86,11.51,13.15,7.16,16.58,8.25,31.34,6.67,16.12,19.41,45.9,5.2141,46.5,6.94,6.8113,11.31,5.88,11.7,15.89,10.78,22.99,5.918,10.97,22.72,11.3335,26.0688,76.9601,19.44
7/6/2016,14.8986,10.19,26.01,37.8383,7.78,20.25,16.19,5.54,23.66,4.35,10.62,8.97,25.3339,9.07,6.12,10.88,11.39,13.24,7.16,17.15,8.37,33.56,6.75,16.19,19.32,48.75,5.244,49.02,6.92,6.7977,11.42,6.07,12.49,16.4,11.06,23.18,6.038,10.87,22.68,11.2089,26.1284,74.7764,19.6
7/7/2016,14.6687,10.19,26.1,37.9467,7.78,20.01,16.21,5.52,23.87,4.79,10.24,9.09,24.7871,9.06,6.07,10.75,11.42,13.25,7.16,17.6,8.45,33.56,6.71,16.44,19.14,48.56,5.2241,48.49,6.87,6.8928,11.47,6.01,12.39,16.66,11.04,22.94,6.1879,11.17,23.03,11.0344,26.8735,74.7764,19.28
7/8/2016,14.5988,10.11,26.08,37.454,7.78,19.78,16.08,5.42,23.83,4.79,9.96,9.53,24.8069,9,6,10.67,11.51,13.61,7.16,17.16,8.23,33.21,6.62,16.24,19.19,48.28,5.234,47.71,6.88,6.8204,11.33,5.93,12.25,16.65,10.81,23.47,6.018,10.74,23.22,11.0195,26.18,73.2009,19
7/11/2016,14.5588,9.96,25.58,37.1879,7.78,20.1,15.91,5.33,22.6,4.79,10,9.47,24.5882,8.82,6.09,10.71,11.51,13.53,7.16,16.87,8.17,32.5,6.61,15.94,19.39,48.26,5.2041,47.67,6.84,6.7071,11.3,5.84,12.05,16.77,10.8,23.6,5.878,10.91,23.02,10.3915,25.7,67.2578,20.9
7/12/2016,14.8486,10.24,24.78,37.8284,7.78,20.59,16.07,5.4,22.36,4.79,9.8,9.52,24.3098,9.1,6.18,10.76,11.4,13.5,7.16,17.03,8.35,31.83,6.7,16.01,19.46,47.73,5.254,46.79,6.94,6.7887,11.29,5.86,12.01,16.78,11.12,23.8,5.958,11.05,22.89,10.5111,26.08,70.9772,22.98
7/13/2016,14.8086,10.27,24.69,38.3408,7.78,20.4,16.43,5.37,22.53,4.6,9.84,9.56,24.4888,9.36,6.3,10.77,11.41,13.49,7.16,17.07,8.3,31.81,6.8,16.3,19.5,48.28,5.274,46.81,6.96,6.92,11.57,5.85,11.87,16.5,11.05,24.9,6.028,11.32,23.26,10.9696,26.64,70,20.96
7/14/2016,14.309,10.11,24.56,39.2474,7.78,20.42,16.24,5.29,22.52,4.44,9.73,9.46,24.6777,9.35,6.29,10.83,11.25,13.66,7.16,17.15,8.49,32.4,6.78,16.07,19.47,48.15,5.274,47.49,6.88,6.75,11.63,5.84,11.93,16.45,11.01,24.57,5.968,11.2,23.42,11.0544,26.66,71.6,20.6
7/15/2016,14.319,10.17,24.81,39.9864,7.78,20.69,16.27,5.23,22.97,4.34,9.88,9.49,24.3794,9.3,6.21,10.75,11.5,13.58,7.16,16.87,8.39,32.68,6.81,16.66,19.68,49.88,5.22,47.65,7.17,7.01,11.38,5.96,11.81,16.34,10.9,23.95,5.9,10.97,23.22,10.9646,26.99,72.35,20.47
7/18/2016,14.59,10.29,24.67,39.9864,7.78,20.01,16.15,5.4,22.91,4.37,9.68,9.7,24.6081,9.24,6.1,10.59,11.37,13.52,7.16,16.5,8.22,35.4,6.82,16.26,20.42,53.26,5.19,51.29,7.42,6.8,11.9,6.01,11.64,16.23,11,23.18,5.77,10.53,23.14,11.0643,28.11,69.92,19.79
7/19/2016,15.03,10.41,24.69,39.3262,7.78,20.01,16.17,5.44,23.19,4.4,9.77,9.64,24.3794,9.27,6.15,10.68,11.65,13.41,7.16,16.53,8.3,34.6,6.77,16.23,20.39,51.46,5.39,51.94,7.41,6.8,12.08,5.93,11.82,16.34,11.26,23.51,5.84,10.57,23.09,11.0544,28.03,69.85,19.93
7/20/2016,15.01,10.29,24.74,39.1685,7.78,20.14,16.52,5.37,23.32,4.33,9.69,9.68,24.5882,9.25,6.26,10.78,11.62,13.54,7.16,16.72,8.25,33.82,6.73,16.32,20.28,51.03,5.36,50.8,7.24,6.68,12.13,5.89,12.08,16.73,11.43,23.46,5.82,10.45,23.16,11.0544,28.13,69.29,19.83
7/21/2016,14.73,10.18,24.85,38.9222,7.78,20.33,16.48,5.39,23.25,4.29,9.69,9.68,24.4092,9.2,6.26,10.75,11.52,13.58,7.16,16.79,8.25,33.5,6.76,16.38,20.3,50.37,5.38,50.07,7.23,6.61,11.78,5.87,11.98,17.18,11.4,23.41,5.78,10.49,23.37,11.0544,28.17,67.54,20.42
7/22/2016,14.49,10.08,24.42,38.1339,7.78,20,16.06,5.31,22.58,4.31,9.33,9.45,24.0414,9.11,6.12,10.64,11.43,13.45,7.16,16.48,8.1,32.75,6.67,16.07,20.22,48.42,5.24,48.35,7.18,6.57,11.72,5.78,11.8,16.61,11.19,22.87,5.68,10.45,22.86,11.0544,27.06,65.24,19.86
7/25/2016,14.35,10.14,24.28,38.528,7.78,19.87,16.4,5.3,24.84,4.32,10.24,9.52,23.8226,9.08,6.11,10.73,11.31,13.26,7.16,16.65,8.16,33.5,6.69,16,19.98,49.44,5.25,49.2,7.12,6.62,11.59,5.8,11.65,16.27,11.39,22.91,5.68,10.56,22.85,11.0544,27.26,64.35,19.87
7/26/2016,14.55,10.29,24.47,38.6167,7.78,20.21,16.46,5.37,24.8,4.39,10.11,9.56,24.0712,9.06,6.15,10.8,11.56,13.28,7.16,17.14,8.33,34,6.75,16.27,20.37,50.18,5.27,50.3,7.27,6.75,11.76,5.82,11.77,16.38,11.2,23.58,5.79,10.6,22.9,11.0544,27.34,66.33,20.43
7/27/2016,13.35,10.42,23.52,36.6558,7.78,19.41,18.11,5.2,23.2,4.13,9.47,9.08,22.6295,8.6,5.92,10.26,11.34,12.59,7.16,15.87,7.98,32.15,6.46,15.29,19.83,48.1,5.08,47.41,7.33,6.29,10.75,5.49,11.48,15.7,10.75,22.35,5.4,9.98,22.76,12.1608,26.04,62.53,18.92
7/28/2016,13.55,10.72,23.54,36.9022,7.78,19.14,19.92,5.2,25.52,4.12,9.29,9.05,22.7985,8.65,5.88,10.29,11.28,12.27,7.16,15.18,8.01,32.52,6.47,15.14,19.63,48.99,5.07,48.29,8.06,6.39,10.74,5.4,11.08,15.86,10.78,22.35,5.32,9.98,23.07,12.2355,26.19,62.56,18.57
7/29/2016,13.41,10.58,23.56,37.05,7.78,18.92,19.2,5.13,26.46,4.07,9.5,9.02,22.8085,8.57,5.81,10.16,11.24,12.25,7.16,15.09,7.81,33.15,6.4,15.08,20.88,50.4,5.08,48.29,8.06,6.35,10.72,5.55,10.66,15.53,10.7,22.19,5.27,9.56,22.88,11.5278,26.97,62.29,18.41
8/1/2016,12.97,10.18,24,36.5179,7.78,18.99,18.02,5.17,25.7,4.02,9.19,8.79,22.0628,8.89,5.82,10.06,10.8,11.69,7.16,14.99,7.95,33.61,6.3,15.17,20.1,52.55,5.03,49.4,7.25,6.3,10.57,5.5,9.78,15.56,10.56,21.84,5.2,9.39,22.84,11.463,26.35,58.74,17.76
8/2/2016,13.13,10.39,24.02,36.646,7.78,19.1,19.82,5.17,26.42,4.08,9.24,8.89,22.1423,8.89,5.85,10.17,10.9,11.73,7.16,15.28,7.73,34.5,6.33,15.24,21.18,53.8,5.05,50.33,7.16,6.28,10.65,5.48,9.98,15.82,10.67,22.2,5.23,9.49,22.72,11.3484,26.43,60.75,18.14
8/3/2016,13.25,10.7,24.02,36.646,7.78,19,20.13,5.17,25.9,4.17,9.15,8.97,22.1224,8.78,5.92,10.18,10.92,11.52,7.16,15.13,7.74,33.99,6.39,15.26,20.84,52.91,5.05,49.66,7.88,6.25,10.66,5.45,9.97,15.81,10.69,22.3,5.21,9.58,22.84,11.9664,26.02,62.8,18.76
8/4/2016,13.34,11.03,24.16,36.5474,7.78,19.04,19.65,5.15,27.7,4.18,9.16,9.05,22.7786,8.69,5.91,10.28,11.18,11.66,7.16,15.22,7.72,32.75,6.47,15.23,21.49,51.39,5.06,49,8.15,6.18,10.86,5.49,10.05,15.85,10.58,22.55,5.25,9.62,22.82,12.0412,26.02,62.29,19.33
8/5/2016,13.23,10.85,25.37,37.1781,7.78,19.03,19.67,5.09,27.8,4.14,9.07,9.03,22.5301,8.62,5.89,10.25,10.94,11.5,7.16,14.99,7.69,32.97,6.46,15.01,21.12,52.55,5.04,49.7,8.17,6.17,10.8,5.47,10.12,15.82,10.49,22.45,5.2,9.74,22.81,12.0362,26.65,63.38,19.45
8/8/2016,13.54,11.16,25.12,37.2471,7.78,19.14,20.09,5.18,27.81,4.18,9.06,9.11,22.5698,8.79,6.01,10.38,11.07,11.68,7.16,15.27,7.76,33.13,6.51,15.16,21.2,52.87,5.1,49.29,8.37,6.5,11.05,5.52,10.19,16.16,10.61,22.71,5.23,9.74,22.76,12.086,26.9,62.98,20.69
8/9/2016,13.62,11.09,25.17,37.2963,7.78,19.54,20.4,5.36,27.85,4.22,9.15,9.16,22.7587,8.8,6,10.46,11.31,11.78,7.16,15.56,7.86,32.68,6.54,15.44,21.22,51.9,5.12,49,8.42,6.64,11.2,5.58,10.28,16.38,10.67,23.98,5.75,9.74,22.78,13.2971,26.82,63.97,20.9
8/10/2016,13.51,10.84,24.96,36.9219,7.78,19.47,19.49,5.25,27.23,4.26,9.15,9.41,22.6295,8.77,5.99,10.4,11.07,12.01,7.16,15.45,7.78,31.66,6.47,15.32,21.05,51.09,5.09,47.14,8.17,6.62,10.96,5.72,10.38,16.38,10.63,23.7,5.73,9.66,22.75,13.4566,26.64,64.11,19.43
8/11/2016,13.26,10.77,24.59,36.4292,7.78,19.1,18.92,5.19,26.45,4.18,9.03,9.65,22.2318,8.66,5.86,10.49,10.91,11.76,7.16,15.16,7.64,30.86,6.4,15.03,20.72,49.45,5.03,46.57,8.2,6.58,10.7,5.79,10.17,15.88,10.59,23.65,5.48,9.57,22.73,12.7937,26.1,61.23,19.64
8/12/2016,13.45,10.85,25.38,36.7248,7.78,19.15,19.16,5.24,26.8,4.2,9.05,9.67,22.3113,8.73,6.02,10.61,10.98,12,7.16,15.32,7.68,31.26,6.48,15.18,21.46,49.95,5.09,46.45,8.22,6.61,10.81,5.76,10.2,16.12,10.69,24.04,5.54,9.61,22.83,12.8635,26.21,61.93,19.64
8/15/2016,13.73,11.06,25.38,37.2668,7.78,19.49,19.57,5.3,27.66,4.26,9.14,9.72,22.6394,9,6.17,10.96,11.18,12.17,7.16,15.52,7.82,31.82,6.6,15.57,21.67,50.33,5.19,46.99,8.5,6.7,11.06,5.77,10.4,16.4,10.9,24.61,5.58,9.88,23.2,12.9582,26.59,64.1,19.66
8/16/2016,13.86,11.08,26.65,37.5033,7.78,19.71,19.38,5.34,27.47,4.29,9.28,9.74,22.7687,9.61,6.16,12.06,11.28,12.15,7.16,15.55,7.93,31.21,6.6,15.77,21.8,50.07,5.21,46.7,8.57,6.73,11.09,5.73,10.59,16.63,11.02,24.83,5.67,9.89,23.51,13.3868,27.01,64.49,19.54
8/17/2016,13.94,10.88,27.46,37.3555,7.78,19.65,19.93,5.37,27.31,4.32,9.18,9.8,22.9675,9.64,6.16,11.78,11.13,12.06,7.16,15.67,7.93,31.08,6.62,15.75,21.8,49.5,5.23,46.78,8.99,6.66,11.11,5.71,10.52,16.46,10.94,24.95,5.6,9.87,23.37,13.1476,27.3,67.26,19.3
8/18/2016,15.33,11.28,27.25,37.2471,7.78,19.44,19.79,5.39,27.16,4.27,9.16,9.69,22.709,9.51,6.14,11.79,11.14,11.86,7.16,15.73,7.87,30.98,6.66,15.76,21.42,49.2,5.23,46.2,9.58,6.66,11.15,5.73,10.55,16.23,10.93,24.81,5.64,9.81,23.3,13.1077,27.05,67.11,19.79
8/19/2016,15.68,11.38,27.28,37.2865,7.78,19.59,19.11,5.49,28.82,4.27,9.17,9.79,23.1465,9.56,6.15,11.45,11.25,11.85,7.16,15.74,7.9,30.75,6.64,16.08,21.6,49.35,5.25,46.7,9.41,6.59,11.24,5.7,10.86,16.74,11.06,24.82,5.56,9.82,23.48,13.0081,26.87,66.78,19.49
8/22/2016,15.83,11.36,27.19,36.9022,7.78,19.25,18.19,5.47,28.93,4.25,9.03,10,22.8781,9.37,6.02,11.18,11.38,11.63,7.16,15.33,7.76,29.89,6.51,16.11,22.2,48.9,5.22,46.11,8.84,6.45,11.15,5.63,11.01,16.61,10.9,25.11,5.58,9.7,24.69,12.8835,26.42,63.21,19.68
8/23/2016,15.78,11.54,27.17,37.0401,7.78,19.17,18.11,5.51,29.5,4.26,9.06,9.95,22.7687,9.46,6,11.28,11.35,11.72,7.16,15.49,7.77,30.16,6.56,16.21,22.97,48.6,5.2,45.46,9.27,6.48,11.47,5.63,10.81,16.66,10.97,24.75,5.64,9.67,24.31,13.2224,26.31,64.39,19.57
8/24/2016,15.39,11.25,27.59,37.5328,7.78,19.27,17.97,5.44,29.06,4.27,9.04,10,22.6891,9.53,5.99,11.1,11.55,11.72,7.16,15.94,7.87,29.65,6.55,15.95,22.84,48.77,5.29,45.49,9.08,6.47,11.24,5.58,11.03,16.54,11.15,24.74,5.62,9.7,24.13,12.9732,26.37,63.73,19.8
8/25/2016,15.48,11.43,27.42,37.5919,7.78,18.99,18.06,5.49,29.96,4.21,8.88,9.79,22.3511,9.99,5.94,11,11.6,11.88,7.16,15.49,7.82,30.74,6.49,15.91,24.2,50.3,5.2,46.41,8.78,6.35,11.08,5.51,10.78,16.58,11.24,24.85,5.53,9.37,24.28,13.0579,26.26,63.36,20.42
8/26/2016,15.12,11.37,27.78,37.4244,7.78,18.95,18.05,5.46,28.9,4.16,8.9,9.91,22.3909,10.15,5.93,11.14,11.71,11.96,7.16,15.74,8.08,30.55,6.46,15.86,25.57,49.65,5.21,46.58,8.6,6.36,11.19,5.53,10.91,16.65,11.17,27,5.55,9.35,25.17,13.7556,26.32,61.6,20.6
8/29/2016,15.07,11.2,27.85,37.3555,7.78,19.06,17.98,5.45,28.46,4.2,8.98,9.91,22.4804,10.13,5.95,11.17,12.45,11.95,7.88,15.74,7.98,30.1,6.49,15.94,24.87,48.94,5.23,46.3,8.66,6.49,11.35,5.7,11.15,17.1,11,27,5.64,9.42,24.71,13.8852,26.75,60.2,20.6
8/30/2016,15.56,11.09,27.28,37.6116,7.78,19.15,17.86,5.44,28.92,4.18,9.03,10.07,22.4804,9.98,5.94,11.04,12.17,12.12,8.67,15.93,8.17,30.39,6.49,15.96,24.19,48.94,5.23,46.12,8.78,6.52,11.28,5.68,11.3,16.88,10.99,26.26,5.69,9.58,24.87,13.646,26.76,60.6,20.6
8/31/2016,15.35,11.3,27.39,37.6116,7.78,19.03,18.08,5.44,29.58,4.2,8.93,10.03,22.4804,9.93,6.09,11.11,12.29,12.25,8.47,15.95,8.18,30.77,6.56,16.02,24.07,49.12,5.31,46.79,8.57,6.49,11.34,5.63,11,16.89,11.15,26.2,5.65,9.5,24.86,13.8852,26.48,61.63,20.6
9/1/2016,15.67,11.15,27.31,37.6905,7.78,19.12,17.96,5.4,29.25,4.16,8.91,9.92,22.3809,9.85,6.03,11.07,12.46,11.92,8.53,16.19,8,30.08,6.53,15.75,23.69,47.75,5.22,46.18,8.38,6.39,11.24,5.59,10.69,16.88,10.96,25.85,5.55,9.46,24.5,14.0796,26.25,60.22,20.6
9/2/2016,15.99,10.74,27.36,37.4244,7.78,18.98,17.81,5.56,29.06,4.13,8.84,9.86,22.192,9.65,6,11.01,12.44,12.05,8.23,16.75,8.06,28.96,6.56,16.1,23.21,45.79,5.17,44.15,8.34,6.38,11.26,5.59,10.91,16.94,10.81,25.7,5.5,9.48,24.02,13.945,26.12,60,20.6
9/5/2016,16.2,10.74,27.6,37.3456,7.52,19.01,17.92,5.54,28.86,4.15,8.78,10.04,22.1324,9.66,6.03,10.94,12.16,12.11,8.6,16.6,8.23,28.97,6.55,16.03,23.69,46.09,5.19,44.15,8.38,6.37,11.48,5.58,10.7,17.52,10.86,24.3,5.5,9.58,24.47,14.0547,26.11,59.77,19.36
9/6/2016,16.12,10.8,28.09,37.523,7.33,19.11,18.08,5.67,29.18,4.18,8.84,10.06,22.371,10.02,6.06,11.14,12.41,12.25,8.51,16.71,8.36,29.73,6.58,16.19,25.07,46.87,5.25,44.69,8.7,6.48,11.54,5.6,10.69,17.54,10.87,24.52,5.61,9.69,24.47,14.5082,26.23,60.41,19.59
9/7/2016,16.84,10.76,28.24,37.3357,7.34,18.96,18.32,5.78,28.71,4.17,8.94,10.26,22.2218,9.94,6.05,11.09,12.26,12.25,9.2,16.33,8.29,28.93,6.57,16.39,25.2,44.99,5.32,43.65,8.59,6.5,11.46,5.58,10.8,17.74,10.94,24.6,5.76,9.72,24.47,15.0515,26.1,58.7,20.3
9/8/2016,16.61,10.73,28.14,37.523,7.33,18.88,18.16,5.87,28,4.18,8.92,10.58,22.1622,9.87,6.05,11.2,12.31,12.41,9,16.5,8.39,28.87,6.56,16.39,25.1,44.68,5.38,43.37,8.52,6.64,11.46,5.55,10.89,17.52,10.88,24.83,5.72,9.72,26.92,14.9518,26.08,58.48,20.2
9/9/2016,16.69,10.56,28.14,37.385,7.27,18.71,17.94,5.8,26.99,4.13,9.12,10.45,22.0528,9.79,6,11.09,12.16,13.03,9.07,16.25,8.19,28.56,6.54,16.19,24.2,43.83,5.32,43.17,8.22,6.54,11.67,5.55,10.9,17.66,10.75,24.8,5.72,9.72,29.61,15.3405,25.89,57.35,19.95
9/12/2016,16.02,10,26.73,36.3602,6.91,18.09,17.41,5.73,27.28,3.98,9.03,10.61,20.9591,9.31,5.75,10.74,11.66,13.47,9.41,16.62,8,27.47,6.34,15.54,24.62,41.72,5.18,40.46,8.03,6.69,11.22,5.42,10.28,16.94,10.37,24.95,5.72,9.2,28.17,15.4003,24.96,56.08,19.23
9/13/2016,16.8,10.11,26.7,36.2913,6.99,17.99,17.6,5.73,27.1,4,9.04,10.75,21.6253,9.45,5.78,10.78,11.74,13.54,9.74,16.91,8.04,27.5,6.37,15.62,24.27,41.36,5.25,40.99,8.28,6.85,11.5,5.44,10.3,16.96,10.44,25.1,5.72,9.3,28.64,15.3455,24.86,56.17,19.66
9/14/2016,16.84,10.13,26.44,36.1632,6.96,17.93,17.57,5.69,27.18,3.94,8.85,10.6,21.3767,9.37,5.74,10.79,11.92,13.4,9.37,16.84,8.01,27.05,6.32,15.49,23.35,40.94,5.32,40.91,8.04,6.73,11.41,5.4,10.43,16.96,10.3,24.7,5.72,9.14,26.99,14.7923,24.62,56.25,19.8
9/19/2016,17.31,10.25,27.04,36.3996,7.09,18.22,17.82,5.78,27.5,4,8.9,10.59,21.5159,9.47,5.89,10.89,12.01,13.58,9.25,16.89,8.13,27.94,6.39,15.79,23.38,41.87,5.46,41.8,8.08,6.76,11.34,5.42,10.47,17.17,10.41,25.14,5.72,9.42,27.39,15.3256,25.37,57.48,20.2
9/20/2016,17.38,10.39,27.34,36.3799,7.1,19.1,17.83,5.76,27.53,3.99,8.79,10.9,21.6253,9.44,6.06,10.97,12.07,14.23,9.37,16.91,8.15,28.35,6.41,15.93,23.13,42.37,5.41,42.13,8.17,6.67,11.36,5.42,10.47,17.41,10.43,25.95,5.29,9.28,26.39,14.9269,25,56.8,20.71
9/21/2016,17.61,10.32,27.3,36.3405,7.16,19.11,17.85,5.67,27.93,4.02,8.78,11.28,21.5656,9.74,6,11.03,12.12,14.43,8.98,16.89,8.15,28.36,6.4,16.04,23.18,42.02,5.39,42.7,8.09,6.82,11.39,5.4,10.48,17.35,10.43,25.65,5.24,9.3,26.72,14.7275,24.95,56.36,20.66
9/22/2016,17.61,10.35,27.27,36.3701,7.16,19.39,18.2,5.66,28.22,4.01,8.81,11.2,21.7645,9.68,6.03,11.03,12,14.16,9.37,16.93,8.14,28.49,6.39,16.05,23.53,42.36,5.34,42.77,8.12,6.76,11.73,5.4,10.43,17.55,10.36,26.26,5.22,9.33,26.54,14.6528,25.03,55.82,20.4
9/23/2016,17.24,10.35,27.43,36.173,7.15,19.4,18.43,5.59,27.71,3.97,8.69,11.29,21.9136,9.67,5.98,11.13,12.06,13.99,8.98,16.9,8.03,27.7,6.37,16.25,24.25,41.97,5.39,42.01,7.96,6.67,11.79,5.36,10.37,17.66,10.33,26.35,5.16,9.25,26.63,14.6577,24.76,55.65,20.9
9/26/2016,16.08,9.98,26.98,35.4734,7.1,19,17.88,5.5,27.29,3.91,8.42,10.85,21.3966,9.2,5.86,10.71,12.03,13.64,8.62,17,7.69,26.3,6.31,16.04,23.3,40.15,5.32,40.68,7.6,6.48,11.87,5.27,10.08,16.99,10.12,25.56,5.02,9.18,26.57,14.4683,24.05,51.8,20.06
9/27/2016,16.71,10.1,27.03,35.4832,7.13,19.39,17.89,5.5,27.5,3.9,8.47,10.8,21.4463,9.31,5.87,10.77,11.89,14.6,8.38,16.7,7.78,26.28,6.33,16.19,22.77,39.2,5.27,40.73,7.63,6.54,11.79,5.24,10.2,17.29,10.2,25.55,5.06,9.2,25.27,14.4534,24.14,52.7,20.16
9/28/2016,16.76,10.31,26.7,35.1876,7.32,19.74,17.96,5.52,27.75,3.89,8.38,10.58,21.3071,9.43,5.84,10.82,11.93,14.58,8.39,16.66,7.72,26.54,6.32,16,22.7,39.73,5.23,41.65,7.59,6.47,12.18,5.18,10.18,17.39,10.18,25.8,5.03,9.22,25.52,14.4135,24.27,57.97,20.03
9/29/2016,17.15,10.36,26.63,35.2566,7.34,19.77,17.93,5.43,29.33,3.91,8.38,10.69,21.2276,9.39,5.9,10.96,12.11,14.51,8.3,16.6,7.79,26.98,6.41,16.33,22.81,40.89,5.24,42.19,7.51,6.5,12.05,5.17,10.32,17.81,10.4,26,5.03,9.26,26.97,14.5581,24.26,56.31,20.2
9/30/2016,17.36,10.27,26.59,35.3453,7.45,19.87,18.04,5.54,29.18,3.93,8.53,10.73,21.3369,9.44,5.9,11.01,12.13,15.36,8.38,16.65,7.81,26.89,6.58,16.33,22.95,41.78,5.25,42.36,7.5,6.59,11.78,5.2,10.37,17.72,10.38,26.77,5.06,9.31,27.13,14.7375,24.43,54.05,20.33
10/10/2016,17.21,10.52,26.91,35.769,7.7,20,18.23,5.55,29.64,4.01,8.7,11.14,21.7247,9.74,6.09,11.18,12.52,15.37,8.71,16.96,7.95,28.35,6.67,16.7,23.72,43.4,5.36,43.4,7.73,7.01,12.5,5.28,10.66,17.84,10.5,27,5.16,9.51,27.22,15.0564,25.25,56.4,20.73
10/11/2016,17.41,10.56,26.86,36.0843,7.65,19.77,18.64,5.72,30.8,4.02,8.72,11.15,21.7347,9.76,6.21,11.32,12.5,15.2,9.23,16.95,7.98,28.25,6.63,16.73,23.74,43.34,5.39,42.92,7.81,7.04,12.53,5.28,10.84,17.78,10.49,26.78,5.19,9.64,28.65,14.9468,25.35,56.78,21.5
10/12/2016,17.17,10.54,26.94,36.3602,7.64,19.71,18.67,5.72,30.8,4.02,8.63,11.01,21.7247,10.11,6.15,11.31,12.55,15.44,9.37,17.1,8,27.54,6.68,16.6,24.25,42,5.37,43.14,7.77,7.25,12.3,5.25,11.34,17.68,10.48,26.78,5.16,9.66,28.31,15.1262,25,56.74,21.43
10/13/2016,16.63,10.5,26.61,36.242,7.67,19.36,18.45,5.7,30.8,4.04,8.62,11.1,21.6253,10.01,6.13,11.32,12.55,15.19,9.24,17.34,8.02,27.8,6.59,16.71,24.45,42.69,5.39,44.95,7.78,7.18,12.24,5.24,11.19,17.76,10.52,29.46,5.17,9.63,27.66,15.0764,24.95,56.65,21.34
10/14/2016,17.45,10.57,26.3,36.0646,7.58,19.93,18.16,5.74,30.8,4.05,8.57,11.04,22.4108,9.96,6.29,11.29,12.7,15.45,9.21,16.49,7.99,27.35,6.62,16.72,24.45,42.23,5.47,45.56,7.98,7.29,12.01,5.22,10.97,17.58,10.54,29.3,5.14,9.66,27,14.9917,25.02,58.44,21.3
10/17/2016,17,10.5,26.41,35.5719,7.44,19.55,18.23,5.62,30.8,4.02,8.57,10.78,21.9335,9.83,6.09,11.23,13.37,15.11,8.93,16.05,7.88,26.56,6.52,16.21,23.75,40.77,5.32,45,7.92,7.28,11.81,5.21,10.83,17.37,10.4,27.5,5.07,9.56,27.75,16.442,24.82,56.72,20.92
10/18/2016,17,10.6,26.6,36.1139,7.6,19.69,18.29,5.69,30.8,4.06,8.64,10.88,22.0727,9.96,6.19,11.37,13.74,15.27,9.14,16.26,8.02,26.92,6.59,16.66,24.2,41.65,5.42,45.48,8.01,7.32,12.14,5.4,11.19,17.47,10.52,27.83,5.13,9.67,27.96,16.2227,25.32,57.67,21.42
10/19/2016,17.14,10.57,26.44,35.9661,7.54,19.41,18.65,5.67,30.8,4.06,8.83,10.72,22.0826,9.87,6.13,11.46,13.36,15.39,9.04,16.35,8.11,26.42,6.57,17.04,23.91,41,5.42,46,7.97,7.3,11.89,5.4,11.17,17.29,10.54,30.61,5.12,9.67,28.95,16.2177,25.52,58.17,21.72
10/20/2016,16.93,10.7,26.68,35.8675,7.56,19.5,18.56,5.69,30.8,4.07,8.77,10.79,22.1423,10.01,6.22,11.38,13.35,15.89,9.18,16.45,8.11,26.58,6.58,17.01,24.03,40.94,5.53,45.85,7.89,7.66,11.82,5.37,11.12,17.48,10.67,33.67,5.18,9.68,28.39,16.2177,25.22,57.79,21.5
10/21/2016,16.68,10.86,27.3,35.6902,7.57,19.41,18.83,5.69,30.8,4.03,8.8,10.85,22.0926,9.93,6.13,11.34,13.45,15.8,9.18,16.38,8.07,26.8,6.61,17.04,23.64,41.28,5.46,45.51,7.82,7.59,11.97,5.31,10.95,17.35,10.54,34.24,5.13,9.78,29.28,16.2177,25.01,58.98,21.18
10/24/2016,16.97,10.76,27.33,35.7493,7.67,19.47,19,5.72,30.8,4.07,8.84,11.06,22.0926,9.99,6.4,11.39,13.31,15.93,9.18,16.41,8.14,26.89,6.66,17.27,23.67,41.08,5.57,45.65,7.83,7.55,12.01,5.33,11.03,17.23,10.82,35.9,5.14,9.64,30.47,16.2177,25.17,58.88,21.31
10/25/2016,17,10.67,27.27,35.6508,7.72,19.72,18.67,5.74,30.8,4.15,8.82,11.21,22.0926,10.35,6.44,11.46,13.36,16.59,9.24,16.44,8.26,27.27,6.62,18.34,24.16,40.88,5.56,46.7,7.83,7.71,12.06,5.34,11.11,17.23,10.76,37.9,5.18,9.75,29.92,16.2177,25.12,58.85,21.13
10/26/2016,16.96,10.7,27.26,36.242,7.66,19.81,18.65,6.05,30.8,4.14,8.94,11.12,22.0926,10.6,6.54,11.5,13.36,16.25,9.35,16.6,8.17,27.95,6.71,17.89,24.36,42.92,5.68,47.92,7.87,7.64,11.91,5.36,10.99,17.3,10.91,39.2,5.16,9.68,29.13,16.2177,25.16,59.04,21.17
10/27/2016,17.43,10.6,27.41,35.9562,7.73,19.59,18.68,6.1,30.8,4.11,8.77,11.15,22.0926,10.35,6.58,11.67,13.3,16.03,9.62,16.44,8.15,27.95,6.69,17.83,23.91,43.45,5.66,46.95,8.23,7.68,11.7,5.32,11.19,17.09,10.89,39.09,5.17,9.63,29.1,16.2177,24.96,58.36,21.62
10/28/2016,17.33,10.56,27.41,35.5719,7.6,19.49,18.34,6.13,30.8,4.05,8.74,11.01,22.0926,10.29,6.32,11.45,12.99,15.91,9.83,16.39,8.11,27.46,6.63,17.54,23.1,42.57,5.56,46.02,8.01,7.69,11.51,5.27,11.11,17.34,10.63,42.85,5.11,9.5,28.21,16.2177,24.81,56.43,21.72
10/31/2016,16.97,10.63,27.05,35.03,7.68,19.38,17.84,6.2,30.8,4.14,8.67,10.88,22.5002,10.38,6.32,11.58,12.89,15.9,9.74,16.38,8.09,27.56,6.52,17.43,23.35,42.07,5.52,47.65,7.93,7.78,11.64,5.27,10.97,17.41,10.61,43.08,5.1,9.39,28.92,16.2177,24.7,56.15,22
11/1/2016,17.29,10.76,27,35.0595,7.92,19.53,18.2,6.45,30.8,4.17,8.71,10.87,22.3412,10.43,6.35,11.68,12.92,15.97,10.21,16.6,8.23,29.49,6.55,17.52,23.55,44.83,5.56,51.08,8.15,7.68,11.72,5.29,11.03,17.8,10.69,43.4,5.13,9.49,29.16,16.2177,24.86,59.43,23.03
11/2/2016,17.95,10.62,27.25,33.5618,7.9,19.35,18.55,6.39,30.8,4.14,8.59,10.97,22.6693,10.23,6.23,11.51,12.91,15.96,10.08,16.69,8.18,29.17,6.44,17.31,23.14,44.3,5.5,50.34,8.01,7.44,11.58,5.23,10.85,17.73,10.57,40.7,5.08,9.45,30.09,16.2177,24.92,59.75,22.68
11/3/2016,18.33,10.63,28.53,32.8523,7.94,19.36,18.72,6.34,30.8,4.23,9.45,10.89,23.6039,10.32,6.22,11.54,13.2,16.3,10.11,16.9,8.26,28.87,6.49,17.48,24.1,44.2,5.57,49.89,7.95,7.5,11.6,5.26,11.02,17.6,10.69,42.9,5.11,9.54,30.44,16.2177,24.98,59.95,22.63
11/4/2016,17.8,10.57,28.05,33.2563,8.04,19.5,18.8,6.27,30.8,4.49,9.81,11,22.7587,10.27,6.16,11.56,13.14,15.44,10.08,16.84,8.22,29.04,6.49,17.45,23.74,44.89,5.52,50.2,7.82,7.48,11.69,5.24,11.05,17.37,10.64,38.61,5.08,9.6,29.05,16.2177,24.91,62.5,22.44
11/7/2016,18.03,10.52,29.04,33.3253,8.05,19.39,18.85,6.23,30.8,4.81,9.73,11.22,22.2616,10.27,6.33,11.88,12.87,15.45,9.7,16.8,8.27,29.32,6.53,17.93,24.09,45.6,5.53,52.15,7.66,7.4,11.48,5.23,11.13,17.35,10.65,39.85,5.09,9.61,29.32,16.2177,24.86,61.35,22.9
11/8/2016,18.7,10.53,28.94,33.414,8.04,19.43,18.79,6.4,30.8,4.72,9.69,11.21,22.3809,10.55,6.71,11.88,12.97,15.6,9.52,18.48,8.4,29.06,6.66,17.95,24.16,45.14,5.65,51.92,7.69,7.75,11.6,5.26,11.13,17.46,11.06,43.84,5.13,9.72,29.11,16.2177,24.73,61.49,22.7
11/9/2016,18.23,10.44,29.15,33.68,7.95,19.27,18.79,6.26,30.8,4.67,9.53,11.12,22.0528,10.47,6.55,11.71,12.74,15.25,9.59,17.76,8.31,28.38,6.56,17.63,23.51,44.81,5.55,50.57,7.7,7.58,11.6,5.21,11.67,17.21,10.84,48.22,5.11,9.6,29.43,16.2177,24.35,61.9,23.25
11/10/2016,18.83,10.88,29.6,33.74,8.09,19.35,18.94,6.3,30.8,4.75,9.58,11.18,22.2716,10.7,6.92,12.01,12.85,15.54,9.64,17.88,8.53,28.47,6.68,17.84,23.55,45.2,5.69,53.6,7.82,7.86,11.72,5.32,12.05,17.29,11.04,48.22,5.31,9.75,29.71,16.2177,24.52,63.63,23.51
11/11/2016,19.05,10.95,29.79,33.96,8.55,19.88,19.35,6.23,30.8,4.6,9.45,11.16,22.1522,10.7,7.32,12.03,13.28,16.33,10.03,17.69,8.85,29.08,6.69,17.99,23.93,45.17,5.74,58.96,7.81,7.8,11.83,5.32,11.82,17.41,11.17,53.03,5.27,10.24,30.95,16.2177,24.88,62.2,23.23
11/14/2016,19.58,11,30.81,34.06,8.23,19.92,19.94,6.21,30.8,4.6,9.62,11.45,22.2616,10.58,7.15,12,13.25,16.49,10.08,17.58,8.8,28.83,6.73,17.86,23.67,44.41,5.74,63.48,7.8,7.64,11.88,5.3,11.92,17.68,11.14,58.29,5.37,9.98,30.61,16.2177,25.29,62.1,23.75
11/15/2016,19.4,10.99,31.75,33.98,8.29,19.85,20.37,6.25,30.8,4.69,9.54,11.56,22.361,10.85,7.16,12.23,13.28,15.96,10.37,17.62,8.88,28.79,6.72,18.36,23.5,43.86,5.72,64.18,7.82,7.74,11.94,5.34,12.66,17.83,11.03,56.28,5.34,9.99,30.23,16.2177,25.21,61.93,24.08
11/16/2016,18.88,10.86,31.81,33.99,8.34,20,20.02,6.27,30.8,4.6,9.44,11.5,22.8184,10.87,7.52,12.15,13.37,15.69,10.05,17.79,8.74,28.79,6.77,18.53,24.4,43.86,5.8,68.01,7.8,8.03,11.9,5.34,12.38,17.6,11.19,58.99,5.31,9.98,30.29,16.2177,25.2,60.9,23.84
11/17/2016,18.88,10.83,31.52,33.76,8.27,20.16,20.38,6.33,30.8,4.49,9.47,11.54,22.709,10.98,7.34,12.34,13.47,15.71,10.08,17.98,8.73,28.47,6.71,18.42,24.25,43.86,5.77,62.49,7.74,7.9,12.11,5.33,12.46,17.58,11.25,60.4,5.27,9.95,30.07,16.2177,25.04,59.24,24.58
11/18/2016,18.7,10.93,31.47,33.2,8.13,19.93,20.01,6.44,30.8,4.55,9.33,11.48,22.3809,11.54,7.13,12.16,13.3,15.52,10.03,17.85,8.78,28.05,6.7,18.17,24.12,43.86,5.69,66.2,7.66,7.8,11.85,5.29,12.1,17.43,11.1,62.69,5.25,9.93,30.81,16.2177,24.9,61.58,24.84
11/21/2016,18.51,11.1,30.25,32.73,8.19,19.88,19.87,6.5,30.8,4.5,9.34,11.39,22.4605,11.64,7.67,12.14,13.16,15.3,10.04,18.37,8.79,26.57,6.85,18.07,24.05,43.86,5.81,69.58,7.58,7.82,11.82,5.28,12.06,17.5,11.26,58.3,5.24,10.01,30.49,16.2177,24.92,64.04,25.46
11/22/2016,18.78,11.04,30.99,33.27,8.23,19.89,21.12,6.49,30.8,4.53,9.37,11.39,22.709,12.19,7.57,12.28,13.3,15.22,10.05,19,8.91,26.62,6.86,18.15,24.94,43.86,5.82,68.4,7.71,8.04,11.97,5.3,12.12,17.49,11.29,52.47,5.29,10.03,33.15,16.2177,24.93,63.75,26.9
11/23/2016,18.5,10.95,30.99,33.21,8.28,20.11,20.3,6.72,30.8,4.55,9.25,11.27,22.3213,12.1,7.4,12.11,13.04,15.3,10,19.44,8.98,26.25,6.93,18.07,24.56,43.86,5.91,65.9,7.61,8.16,12.16,5.3,12.68,17.48,11.59,53.1,5.55,10.14,31.82,16.2177,24.87,62.9,26.31
11/24/2016,18.08,10.76,31.99,33.27,8.27,20.41,20.34,7.01,30.8,4.55,9.51,11.06,22.2616,12.45,7.43,11.95,12.27,15.33,9.83,18.95,8.92,25.84,6.98,17.66,24.2,43.86,5.96,63.88,7.59,8.25,11.84,5.3,12.28,17.4,11.84,55.29,5.46,9.96,31.9,16.2177,25.19,61.97,25.84
11/25/2016,17.62,10.65,32.42,33.29,8.16,20.69,20.36,6.81,30.8,4.49,9.43,11.15,22.0031,12.36,7.34,11.85,12.84,15.19,9.68,18.58,8.8,24.64,6.95,17.46,23.81,43.86,5.99,66.99,7.54,8.32,12.03,5.3,12.1,17.09,11.93,54.6,5.52,9.93,31.51,16.2177,24.9,62,25.95
11/28/2016,17.51,10.72,31.78,34.58,8.18,20.56,20.47,7.02,30.8,4.45,9.33,11.17,22.1324,11.85,7.87,11.89,13.71,14.95,9.74,18.5,8.82,24.71,7.05,17.88,23.45,43.86,6.13,64.02,7.54,8.11,12.17,5.34,12.43,17.08,12.41,53.56,5.44,9.95,31.56,16.2177,25.18,60.55,24.8
11/29/2016,17.95,10.43,31.53,34.24,7.94,20.45,20.33,6.88,30.8,4.4,9.12,10.94,21.844,11.87,7.58,11.7,13.24,14.35,9.43,18,8.55,24.23,6.9,17.46,23.44,39.67,6.02,62.3,7.39,8.4,11.86,5.3,12.27,17,12.13,51.63,5.35,9.75,29.98,16.2177,25.27,59.66,24.41
11/30/2016,17.1,10.43,29.95,34.98,7.83,20.05,20.67,6.79,30.8,4.39,9.12,10.84,21.7744,11.83,7.29,11.7,12.98,14.32,9.42,17.37,8.47,24.13,6.86,17.22,23,38.39,6.08,62.73,7.28,8.67,11.59,5.28,11.77,16.97,12.34,50.3,5.38,9.64,29.42,16.2177,25.05,60.13,24.5
12/1/2016,17.05,10.61,30.07,35.71,7.93,19.97,20.66,6.88,30.8,4.42,9.1,10.94,21.5656,11.72,7.37,11.78,12.6,14.5,9.73,17.53,8.49,24.51,6.79,17.32,22.76,38.76,5.97,62.26,7.31,8.58,11.56,5.27,11.38,17.01,12.14,45.76,5.4,9.75,30.17,16.2177,25.12,60.3,25.07
12/2/2016,16.68,10.47,30.33,34.8,7.74,20.06,20.15,7.03,30.8,4.3,8.93,10.59,21.1679,11.8,7.21,11.57,12.71,14.26,9.65,17.57,8.33,24.44,6.78,17.49,22.12,38.35,5.94,57.81,7.14,8.36,11.16,5.22,11.1,16.5,12.1,41.18,5.27,9.53,29.82,16.2177,24.71,57,23.8
12/5/2016,16.65,10.54,30.12,35.01,7.7,20.25,20.04,7.09,30.8,4.28,8.96,10.66,21.1679,11.58,7.22,11.55,12.84,14.37,9.65,17.35,8.34,24.16,6.8,17.51,22.11,38.85,5.7,56.93,6.98,8.37,10.9,5.22,11.08,16.52,11.63,39.32,5.21,9.49,30.35,16.2177,24.75,56.8,23.94
12/6/2016,16.71,10.64,29.8,34.55,7.85,20.12,20,7.23,30.8,4.35,8.96,10.7,21.8739,11.61,7.04,11.64,12.86,14.36,9.51,17.75,8.34,24.29,6.8,17.41,22.16,38.87,5.66,55.5,7,8.81,10.85,5.2,11.18,16.78,11.67,39.61,5.22,9.52,31.3,16.2177,24.83,56.56,23.85
12/7/2016,17.32,10.66,29.97,34.7,7.88,20.25,20.03,7.3,30.8,4.4,9.1,11.06,21.8639,11.84,7.24,11.79,13.18,15.18,9.5,18.26,8.47,24.32,6.97,17.57,22.55,38.86,5.75,57.12,7.33,9.05,10.99,5.24,11.4,16.97,11.72,39.98,5.28,9.59,31.33,16.2177,25.07,56.84,24.39
12/8/2016,17.13,10.6,29.91,34.42,7.81,20.48,19.95,7.15,30.8,4.37,9.02,10.93,21.5756,11.75,7.11,11.73,12.9,15.43,9.69,17.96,8.45,23.5,6.96,17.39,22.95,38.1,5.62,55.48,7.21,9.09,10.83,5.2,11.13,16.85,11.58,41.15,5.3,9.52,31.82,16.2177,25.18,55.52,24.18
12/9/2016,17.25,10.84,29.89,34.39,7.77,20.11,20.33,6.89,30.8,4.36,9.02,11.01,21.3767,11.95,7.17,11.69,12.87,15.85,9.62,17.95,8.44,23.49,7.07,17.27,22.7,36.94,5.65,59.05,7.19,8.95,10.75,5.21,11.13,17.1,11.73,42.91,5.25,9.52,32.4,16.2177,25.11,54.07,24.24
12/12/2016,16.24,10.37,28.4,34.41,7.23,20.83,19.79,6.89,30.8,4.18,8.75,10.57,20.4222,11.33,6.98,10.99,12.5,15.69,9.31,17,8.09,21.96,6.79,16.71,21.97,35.8,5.52,55.13,6.81,8.7,10.24,5.03,10.19,17.21,11.83,38.62,5.25,8.84,31.38,16.2177,24.62,49.81,21.98
12/13/2016,16.25,10.42,28.48,34.19,7.36,22.31,20.78,7.01,30.8,4.31,8.86,10.67,20.293,11.74,7.27,11.2,12.97,15.76,9.29,16.68,8.47,21.88,7.26,17,21.44,35.58,5.75,59.89,6.78,9.35,10.32,5.01,10.31,18.93,12.81,37.05,5.25,8.97,33.99,16.2177,24.87,50.56,22.01
12/14/2016,15.85,10.21,28.54,33.73,7.24,21.7,20.89,6.74,30.8,4.29,8.67,10.68,20.2731,11.72,7.36,10.88,12.76,15.43,9.02,16.39,8.33,21.62,7.15,16.8,21.21,35.1,5.66,59.89,6.82,9.12,10.33,4.95,10.45,19.18,12.5,37.7,5.25,9.05,36.35,16.2177,24.46,49.65,21.94
12/15/2016,15.92,10.23,28.62,33.73,7.46,22.13,21.39,6.63,27.72,4.33,8.68,10.85,20.4023,12.1,7.38,11.02,13.08,15.23,9.05,17.1,8.45,22,7.28,16.9,21.66,35.35,5.71,60.06,6.86,9.5,10.38,4.94,10.64,19.97,12.73,38.95,5.25,9.15,38.82,16.2177,24.45,50.5,22.33
12/16/2016,16.37,10.29,28.64,34.09,7.61,22,22.01,6.8,28.5,4.76,9,11.05,20.631,12.06,7.33,11.6,13.33,15.08,9.22,17.67,9.3,22.09,7.26,17.65,22.46,35.52,5.91,59.5,6.96,9.43,11.04,5.1,10.9,19.95,12.73,41.1,5.25,9.29,38.82,16.2177,24.63,50.91,22.89
12/19/2016,16.35,10.52,28.59,34.03,7.89,22.2,21.66,7.09,29.96,4.74,9.08,11.07,21.0088,11.95,7.52,11.75,13.32,14.59,9.45,17.93,9.95,22,7.63,17.9,22.31,35.21,6.1,59.02,7.25,10.1,10.97,5.09,11,20.11,13.1,41.58,5.25,9.55,38.82,16.2177,24.5,50.6,23.15
12/20/2016,16.56,10.41,28.69,33.8,7.78,21.47,21.42,6.96,28.81,4.74,9.02,11.03,21.7247,11.83,7.3,11.47,13.56,14.8,9.52,17.78,9.67,21.69,7.55,17.73,22.84,35.07,5.97,58.49,7.21,10.19,11.01,5.09,11.08,19.5,12.76,42.12,5.25,9.53,38.82,16.2177,23.9,50.27,22.88
12/21/2016,16.63,11.06,28.82,34.14,7.89,21.79,21.64,7.01,28.26,4.67,9.2,11.05,21.7148,11.85,7.42,11.63,13.56,14.6,9.56,17.78,9.7,22.38,7.53,17.75,22.63,35.54,5.97,58.7,7.19,10.18,10.93,5.18,11.37,19.59,12.76,44.61,5.25,9.52,38.82,16.2177,24.14,50.75,23.63
12/22/2016,16.36,10.85,28.55,33.87,7.92,21.5,21.5,6.92,28.53,4.64,9.15,10.94,21.0685,11.48,7.25,11.5,14.48,15.18,9.37,17.82,9.58,21.95,7.41,17.5,22.63,35.24,5.88,57.26,7.1,10.09,10.94,5.17,11.14,19.79,12.78,42.6,5.25,9.36,38.82,16.2177,24.05,51.23,23.33
12/23/2016,16.45,10.82,28.47,33.86,7.74,21.3,21.06,6.69,27.2,4.5,8.92,10.79,20.641,11.3,6.97,11.19,13.78,14.76,9.5,18.2,9.33,21.42,7.35,16.96,22.72,34.46,5.72,57.52,6.78,9.81,10.73,5.16,11.18,19.36,12.46,38.38,5.25,9.39,38.82,16.2177,23.85,49.15,22.74
12/26/2016,16.3,11.03,29.73,33.69,7.88,21.6,22.2,6.57,26.79,4.61,8.83,10.82,20.7802,11.47,6.96,11.32,13.62,13.53,9.61,18.09,9.41,21.77,7.44,16.75,22.87,34.91,5.79,57.25,6.75,8.99,10.9,5.12,11.35,19.6,12.74,39.41,5.25,9.46,38.82,16.2177,23.63,49.17,22.76
12/27/2016,16.27,10.91,29.92,33.6,8.05,21.43,23.42,6.64,26.73,4.64,8.82,10.83,20.5813,11.36,7,11.46,13.6,13.51,9.89,18.61,9.34,21.59,7.27,16.73,23.6,34.92,5.72,56.3,6.77,8.84,10.89,5.06,11.74,19.25,12.52,39.02,5.25,9.48,38.82,16.2177,23.29,48.71,22.9
12/28/2016,16.09,10.93,29.52,33.59,8.04,21.37,22.74,6.77,26.49,4.56,8.74,10.9,20.3526,11.41,6.96,11.47,13.25,13.13,9.92,18.28,9.38,21.54,7.3,16.53,23.71,35.08,5.74,55.1,6.79,8.46,10.79,5.04,11.71,19.27,12.53,38.79,5.25,9.56,38.82,16.2177,22.78,48.62,22.88
12/29/2016,16.12,10.96,29.73,34.34,8.06,21.5,22.23,6.65,26.43,4.51,8.73,11.02,20.3924,11.34,6.94,11.52,13.44,13.19,9.92,18.42,9.13,21.44,7.19,16.58,23.45,34.32,5.7,50.33,6.78,8.51,10.61,5.05,11.73,18.76,12.37,41.77,5.25,9.51,38.82,16.2177,23.11,48.7,22.69
12/30/2016,16.13,10.71,30.71,35.22,7.91,21.43,21.74,6.6,25.52,4.51,8.71,11.1,20.4521,11.46,6.96,11.65,13.23,13.08,9.88,19,9.11,21.58,7.16,16.33,23.42,34.4,5.72,49.25,6.76,8.33,10.65,5.02,11.3,18.88,12.2,39.84,5.25,9.39,34.94,16.2177,23.28,48.36,22.9
1/3/2017,16.39,11.04,32.25,35.45,8.1,21.88,22.03,6.74,26.76,4.71,8.84,11.13,20.6708,11.7,7.19,11.82,13.38,13.42,9.88,18.85,9.31,21.69,7.4,16.64,23.35,34.12,5.9,49.35,6.84,8.18,10.91,5.05,12.19,19.47,12.78,40,5.25,9.47,32.17,16.2177,23.32,49.07,23.38
1/4/2017,16.68,11.2,32.2,35.92,8.26,21.89,22.77,6.76,27.36,4.7,9,11.15,20.8,12.2,7.24,11.82,13.43,13.71,10.08,19.5,9.5,22.17,7.45,16.76,24.14,34.62,5.92,50.48,6.92,8.7,11,5.09,12.06,19.58,12.95,40.41,5.25,9.7,31.02,16.2177,23.7,49.93,24.32
1/5/2017,16.72,11.07,31.71,35.84,8.33,21.6,22.8,6.73,27.5,4.68,9.28,11.13,20.6907,12.17,7.25,12,13.71,14.01,9.97,19.18,9.35,21.91,7.58,16.84,23.89,34.5,5.88,49.66,7.03,8.65,10.92,5.11,12.24,19.44,12.92,39.57,5.25,9.76,31.45,16.2177,23.61,49.1,24.12
1/6/2017,16.55,11.06,31.45,36.37,8.22,21.25,23.29,6.77,26.91,4.75,9.14,10.98,20.3924,12.2,7.19,11.92,13.56,13.87,9.93,18.56,9.38,21.38,7.46,16.59,24.1,34.26,5.89,47.7,6.95,8.6,11.04,5.07,12.08,19.71,12.97,37.16,5.25,9.78,28.34,16.2177,23.67,47.67,23.93
1/9/2017,16.61,11.1,31.67,35.83,8.41,20.21,23.04,6.69,26.43,4.74,9.19,11,20.81,12.2,7.34,12.03,13.41,13.83,10.33,18.5,9.53,20.5,7.49,16.72,24.14,32.11,5.96,47.9,7.07,8.73,10.98,5.06,12.17,20.05,13.13,37.13,5.25,10,28.38,16.2177,23.45,47.85,24.36
1/10/2017,17.04,10.86,32.13,35.54,8.35,20.21,22.77,6.62,26.79,4.64,9.03,11.13,21.2773,12.2,7.34,11.85,13.4,13.7,10.22,18.78,9.37,19.31,7.3,16.74,23.82,29.85,5.9,46.73,7.06,8.78,10.92,5.03,12.24,19.5,12.85,40.84,5.25,9.98,28.73,16.2177,23.83,47.68,24.36
1/11/2017,16.61,10.58,32.5,35.48,8.09,20.12,22.7,6.65,27,4.48,9.13,11.11,20.8498,12.2,7.21,11.55,12.98,13.71,9.96,18.24,9.03,19.05,7.25,16.6,23.6,29.12,5.77,45.8,7,8.8,10.78,5.02,11.89,18.99,12.52,41.64,5.25,9.99,28.08,16.2177,23.51,45.92,24.36
1/12/2017,16.15,10.44,31.46,35.9,8.1,19.58,22.26,6.48,27.03,4.43,9.03,10.91,20.5415,12.2,7.35,11.56,12.87,13.17,9.86,17.8,8.83,19.15,7.25,16.54,22.94,28.53,5.65,46,7,8.47,10.39,4.98,11.73,18.6,12.15,42.28,5.25,9.99,26.43,16.2177,23.32,44.9,24.36
1/13/2017,15.68,10.11,31.15,34.88,7.96,19.68,22.27,6.51,27.07,4.35,8.81,10.7,20.1935,12.2,7.13,11.43,12.86,13.01,9.84,18.25,8.6,19.09,7.14,16.18,22.6,27.7,5.61,44.35,6.65,8.15,10.28,4.96,12.02,18.36,12.23,40.1,5.25,9.78,26.32,16.2177,23.14,42.03,24.36
1/16/2017,15.69,9.57,29.98,34.98,7.4,19.5,21.78,6.17,25.9,4.18,8.5,10.28,18.8712,12.2,7.19,10.81,12.32,12.66,9.2,16.66,8.15,18.23,6.83,15.7,22.26,26.56,5.43,42.29,6.15,8,9.79,4.79,11.16,17.99,12.4,36.09,5.25,9.78,24.5,16.2177,22.9,38.69,24.36
1/17/2017,15.68,9.5,30.65,35.1,7.48,19.87,21.85,6.23,24.54,4.25,8.53,10.37,18.8911,12.2,7.28,10.88,12.56,12.68,9.18,17.3,8.29,18.53,6.88,15.66,22.53,27.19,5.46,43.1,6.18,8.02,10,4.8,11.6,18.5,12.35,36.13,5.25,9.78,24.91,16.2177,23,39.86,24.36
1/18/2017,15.09,9.39,30.91,34.9,7.49,19.64,22.14,6.26,24,4.28,8.47,10.32,18.8413,12.2,7.5,10.87,12.19,12.66,9.36,17.48,8.38,18.11,6.88,15.67,23.01,26.81,5.48,41.93,6.11,8.02,10.01,4.76,12.76,18.3,12.72,36.59,5.25,9.78,24.45,16.2177,23.35,38.7,24.36
1/19/2017,14.36,9.36,31.07,34.81,7.46,19.6,22.92,6.32,23.76,4.21,8.4,10.26,19.2689,12.2,7.35,10.65,11.94,12.89,9.16,17.51,8.25,18.06,6.76,15.53,22.78,26.74,5.48,42.51,6.05,7.96,9.81,4.7,13.12,18.16,12.77,35.1,5.25,9.78,23.94,16.2177,23.58,38.53,24.36
1/20/2017,14.5,9.44,32.03,35.22,7.65,19.8,23.16,6.39,24.7,4.26,8.52,10.43,19.2888,12.2,7.36,10.92,12.07,13,9.38,17.6,8.44,18.46,6.86,15.87,23.47,27.47,5.51,43.44,6.17,8.09,9.93,4.74,13.15,18.29,12.87,35.56,5.25,9.78,25.01,16.2177,23.85,39.5,24.36
1/23/2017,14.71,9.73,32.41,35.3,7.7,20.03,23.47,6.41,24.8,4.29,8.64,10.53,19.4081,11.51,7.41,11,12.15,13.03,9.31,18.05,8.54,18.54,6.95,16.48,23.31,27.66,5.6,43.55,6.21,8.41,10.06,4.76,13.27,18.47,12.92,35.77,5.25,9.78,25.22,16.2177,23.75,40.01,24.36
1/24/2017,14.61,9.74,33.08,34.92,7.76,19.89,23.42,6.35,24.79,4.25,8.76,10.46,19.1197,11.17,7.6,11.07,12.18,13.12,9.32,18.19,8.5,17.65,6.95,16.55,23.18,26.95,5.58,42.83,6.22,8.39,10.01,4.76,12.75,18.8,12.91,36.19,5.25,9.78,24.72,16.2177,24.18,39.4,24.36
1/25/2017,15.23,9.84,33.24,35.29,7.72,19.99,23.84,6.32,25.27,4.27,8.71,10.54,19.1794,11.44,7.52,10.74,12.3,13.25,9.33,18.02,8.37,17.72,6.96,16.29,23.16,27.35,5.58,44.5,6.24,8.77,10.04,4.77,12.57,18.77,12.78,36.22,5.25,9.78,24.65,16.2177,24.13,40.15,24.36
1/26/2017,15.35,9.84,34.72,35.52,7.17,20.24,23.08,6.35,25.48,4.28,8.73,10.81,19.239,11.54,7.65,10.64,12.42,13.45,9.44,17.72,8.44,17.85,7,16.34,23.42,27.45,5.61,45.27,6.42,8.98,10.3,4.82,12.58,18.76,12.93,35.44,5.25,9.78,23.89,16.2177,23.96,39.49,24.36
2/3/2017,15.32,9.77,36.13,35.15,7.15,20.29,23.32,6.36,25.38,4.29,8.65,10.9,19.2888,11.48,7.51,10.65,12.21,13.29,9.28,17.46,8.5,17.82,6.94,16.29,23.86,27.28,5.61,44.48,6.3,8.85,10.25,4.81,12.68,18.93,13.04,35.75,5.25,9.78,24.55,16.2177,23.6,39.05,24.36
2/6/2017,15.55,9.94,35.38,35.3,7.25,20.1,23.39,6.48,26.81,4.36,8.8,11.01,19.8058,11.35,7.45,10.83,12.32,13.51,9.45,18,8.84,18.33,7.03,16.72,24.73,28,5.61,46.02,6.36,8.91,10.39,4.9,12.87,19.62,12.8,36.59,5.25,9.78,25.19,16.2177,23.78,40.13,24.36
2/7/2017,15.39,9.98,35.51,34.96,7.45,19.78,24.33,6.43,27.5,4.34,8.82,10.91,19.6765,10.94,7.51,10.78,12.2,13.31,9.43,17.87,9.03,18.22,6.98,16.53,24.68,28.06,5.53,46,6.32,8.75,10.39,4.86,12.91,19.72,12.65,38.38,5.25,9.78,25.35,16.2177,23.97,39.75,24.36
2/8/2017,15.79,9.94,36.18,34.98,7.53,19.85,26.76,6.42,27.68,4.34,8.79,10.89,19.7064,10.93,7.51,10.88,12.14,13.41,9.6,18,8.98,18.23,6.98,16.56,24.72,27.94,5.54,45.86,6.36,9.12,10.4,4.86,12.8,19.43,12.67,37.9,5.25,9.78,25.2,16.2177,23.8,40.48,24.36
2/9/2017,16.05,9.95,36.18,35.01,7.65,19.91,29.44,6.39,27.84,4.36,8.83,10.9,19.8257,10.93,7.48,10.91,12.35,13.47,9.74,18.52,8.94,18.65,7.04,16.58,24.79,28.2,5.59,45.94,6.47,9.2,10.41,4.86,13.27,19.32,12.68,38.16,5.25,9.78,26.01,16.2177,23.86,41.04,24.36
2/10/2017,16.07,9.94,34.37,35.1,7.75,19.7,26.5,6.32,27.5,4.4,8.85,10.88,19.6368,10.85,7.68,10.92,12.18,13.29,9.78,18.83,8.8,18.66,7.07,16.53,24.52,27.8,5.66,44.9,6.58,9.23,10.38,4.88,12.92,19.24,12.67,36.95,5.25,9.78,26.17,16.2177,24.08,40.11,24.36
2/13/2017,15.94,10.07,34.62,35.17,7.68,19.87,23.86,6.35,27.55,4.41,8.92,10.92,19.7064,10.84,7.7,10.92,12.27,13.3,9.73,19.58,8.9,18.66,7.1,16.52,25.3,27.7,5.66,45,6.54,9.45,10.4,4.91,12.94,19.29,12.63,37.6,5.25,9.78,25.95,16.2177,24.45,40.88,24.36
2/14/2017,15.7,10,34.99,34.6,7.76,19.85,23.87,6.37,27.43,4.54,8.99,10.91,19.4976,10.95,8.12,10.97,12.45,13.15,9.58,19.83,9.01,18.46,7.2,16.41,25.09,27.56,5.71,44.78,6.59,9.63,10.36,4.9,12.79,18.91,12.66,37.08,5.25,9.78,25.86,16.2177,24.2,40.69,24.36
2/15/2017,15.68,9.96,36.39,34.13,7.91,19.53,23,6.22,27.15,4.44,8.78,10.8,19.3385,10.82,7.95,10.9,12.37,13.15,9.36,20.44,8.87,17.89,7.2,16.23,25.29,26.9,5.62,44.12,6.68,9.46,10.19,4.88,12.22,18.2,12.38,35.84,5.25,9.78,24.95,16.2177,24.06,44.76,24.36
2/16/2017,16,9.98,37.29,34.22,8.7,19.65,22.42,6.24,27.81,4.45,8.8,10.92,19.1496,10.69,7.88,10.94,12.32,13.25,9.3,19.96,9.09,17.72,7.2,16.35,25.5,26.53,5.69,43.42,6.89,9.43,10.17,4.91,12.25,18.48,12.4,36.03,5.25,9.78,24.71,16.2177,24.24,44.14,24.36
2/17/2017,15.36,9.88,37.04,33.87,8.48,19.47,22.18,6.22,27.75,4.4,8.68,10.84,19.0899,10.71,7.63,10.77,12.23,13.33,9.37,19.17,8.94,17.36,7.2,16.09,24.63,26.31,5.58,41.5,6.81,9.4,10.19,4.89,11.98,18.24,12.13,35.74,5.25,9.78,24.27,16.2177,24.27,42.07,24.36
2/20/2017,14.91,10.18,35.85,34.16,8.53,19.58,21.4,6.23,27.76,4.45,8.85,10.92,19.1993,10.6,7.75,10.82,12.21,13.88,9.38,17.5,9.05,17.24,7.2,16.27,25.6,26.37,5.64,41.4,6.92,9.62,10.24,4.9,12.23,17.92,12.25,36.21,5.25,9.78,24.03,16.2177,25.24,41.7,24.36
2/21/2017,15.06,11.2,35.77,34.65,8.43,19.73,21.51,6.19,27.8,4.48,8.89,11.12,19.3186,10.59,7.68,10.94,12.28,13.82,9.45,18.07,9.08,17.98,7.2,16.35,26.09,27.99,5.68,42.31,6.89,9.52,10.34,4.97,12.25,18.15,12.34,36.25,5.25,9.78,24.36,16.2177,26.35,42.49,24.36
2/22/2017,15.37,11.31,34.73,34.23,8.26,19.73,21.49,6.18,28.36,4.49,8.93,11.14,19.3882,10.79,7.72,10.98,12.3,14.14,9.41,18.5,9.09,18.91,7.2,16.47,26.03,29.87,5.69,43.88,7.02,9.49,10.32,4.97,12.29,18.38,12.4,36.07,5.25,9.78,24.18,16.2177,26.33,42.34,24.36
2/23/2017,15.5,11.19,34.79,34.24,8.07,19.89,20.94,6.12,28.21,4.45,8.85,11.09,19.4876,10.7,7.48,10.98,12.35,14.04,9.42,18.5,8.96,18.43,7.24,16.3,25.52,29.19,5.66,43.33,6.95,9.27,10.22,4.95,12.02,18.28,12.28,37.05,5.25,9.78,24.62,16.2177,26.19,42.86,24.36
2/24/2017,15.53,11.19,34.74,34.38,8.21,19.98,21.04,6.23,27.98,4.5,9.02,11.13,19.6368,10.6,7.38,11.04,12.46,14.09,9.72,19.09,8.99,20.27,7.16,16.3,25.45,32.11,5.65,46.4,6.86,9.3,10.2,4.97,12.31,18.55,12.31,36.42,5.25,9.78,24.37,16.2177,26.38,43.18,24.36
2/27/2017,15.37,11.1,33.98,34.08,8.18,19.69,21.28,6.29,27.38,4.4,8.93,11.04,19.5373,10.61,7.29,10.91,12.32,13.95,9.47,19.14,8.65,20.66,7.05,16.33,25.1,33.45,5.56,45.78,6.83,9.37,10.2,4.97,12.15,18.43,12.1,35.12,5.25,9.78,24.27,16.2177,25.81,42.22,24.36
2/28/2017,15.3,11.11,34.67,34.14,8.2,19.74,21.21,6.26,27.25,4.39,8.96,11.26,19.3285,10.62,7.31,10.96,12.38,13.96,9.42,18.55,8.69,20.3,7.09,16.52,25.02,33.12,5.56,45.78,6.86,9.6,10.19,4.93,12.15,18.46,12.15,35.25,5.43,9.78,24.4,16.2177,26.08,41.96,24.36
3/1/2017,15.39,10.72,34.6,34.23,8.16,19.9,21.33,6.18,27.68,4.4,8.92,11.48,19.249,10.56,7.36,11,12.33,14,9.42,18.23,8.62,20.12,7.08,16.61,25.1,33.09,5.57,45.48,6.7,9.61,10.2,4.94,12.25,18.48,12.3,35.64,5.29,9.78,24.43,16.2177,25.95,42.12,24.36
3/2/2017,15.29,10.73,34.6,34.1,8.08,19.8,20.61,6.28,27.37,4.35,8.81,11.37,19.1098,10.45,7.26,11.06,12.27,13.9,9.33,18.45,8.6,19.75,6.93,16.29,25.63,32.15,5.49,44.77,6.53,9.57,10.09,4.93,12.03,17.84,12.17,35.34,5.13,9.78,24.15,16.2177,26.01,41.71,24.36
3/3/2017,15.27,11.25,34.69,34.13,8.14,19.63,20.34,6.24,27.37,4.34,8.74,11.43,19.3782,10.29,7.29,11,12.35,13.92,9.35,18.82,8.55,19.95,7.24,16.36,25.35,32.91,5.54,46.09,6.5,9.6,10.06,4.9,11.82,17.57,12.25,35.33,5.15,9.78,23.91,16.2177,25.77,41.94,24.36
3/6/2017,15.59,11.26,33.8,34.16,8.15,19.69,20.52,6.23,27.37,4.36,8.81,11.82,19.4379,10.52,7.33,11.09,12.53,14.3,9.4,19.39,8.65,19.97,7.37,16.48,25.32,32.75,5.56,46.07,6.57,9.86,10.09,4.9,11.9,17.64,12.27,35.64,5.19,9.78,24.22,16.2177,26.09,42.78,24.36
3/7/2017,15.8,11.18,33.24,34.3,8.37,19.68,20.42,6.12,27.37,4.37,8.84,11.71,19.6169,10.74,7.39,11.08,12.66,14.15,9.46,19.59,8.57,20.91,7.23,16.67,25.08,33.48,5.54,46.7,6.58,9.83,10.07,4.9,12.01,17.74,12.15,36.01,5.15,9.78,25.41,16.2177,26.53,43.23,24.36
3/8/2017,15.51,10.79,33.3,34.15,8.24,19.64,20.23,6.15,27.37,4.34,8.76,11.7,19.2689,10.73,7.35,11.07,12.57,14.16,9.52,19.31,8.49,20.58,7.36,16.56,24.4,32.73,5.51,46.5,6.58,9.62,10.1,4.89,11.87,17.58,11.98,36.52,5.11,10.37,24.94,16.2177,26.1,42.88,24.36
3/9/2017,15.35,10.86,34,33.32,8.59,19.6,19.8,6.02,27.37,4.25,8.64,11.56,19.08,10.73,7.19,10.94,12.71,14.05,9.46,19.5,8.29,20.58,7.3,16.81,24.38,33.05,5.45,45.35,6.43,9.34,9.99,4.84,11.77,17.21,11.82,35.52,5.06,10.08,25.22,16.2177,26.21,43,24.36
3/10/2017,15.26,10.75,34.15,33.39,8.48,19.31,20.03,5.95,27.37,4.2,8.64,11.56,19.1595,10.59,7.19,10.86,12.52,13.97,9.38,19.52,8.3,20.05,7.14,16.43,24.19,32.35,5.4,45.39,6.42,9.31,9.96,4.83,11.67,17.05,11.73,35.36,5.07,9.73,24.93,16.2177,26.52,43.91,24.36
3/13/2017,15.38,10.64,34.34,33.57,8.25,19.47,19.98,5.95,27.37,4.24,8.68,11.48,19.1496,10.62,7.19,10.91,12.55,14.15,9.37,19.68,8.28,20.08,7.11,16.23,24.66,31.88,5.43,46.2,6.41,9.42,9.93,4.85,11.85,16.95,11.75,35.48,5.07,9.52,24.22,14.5979,26.6,46.17,24.36
3/14/2017,15.42,10.62,34.37,33.39,8.19,19.52,20.21,5.91,27.37,4.23,8.62,11.4,19.1297,10.54,7.14,10.83,12.69,14.05,9.36,19.96,8.36,20.21,7.08,16.21,24.69,32.18,5.39,47.78,6.52,9.16,9.92,4.83,11.88,17.08,11.67,35.19,5.1,9.56,24.07,14.7225,26.41,44.92,24.36
3/15/2017,15.24,10.73,33.99,33.44,8.09,19.5,20.1,5.9,27.37,4.21,8.58,11.65,18.1354,10.48,7.09,10.8,12.78,13.91,9.39,20.08,8.28,19.86,7.08,16.02,25.4,31.5,5.38,47.26,6.45,9.29,9.77,4.83,11.68,16.97,11.67,33.94,5.07,9.36,23.99,14.2042,26.71,44.14,24.36
3/16/2017,15.47,10.71,33.8,33.48,8.18,19.63,20.41,5.93,27.37,4.29,8.68,11.68,18.1255,10.56,7.24,10.88,12.78,13.99,9.39,20.37,8.39,20.18,7.15,16.18,25.74,32.36,5.44,47.81,6.55,9.3,9.88,4.87,11.78,17.06,11.74,34.25,5.09,9.46,24.11,14.2042,27.18,44.78,24.36
3/17/2017,15.5,10.88,33.6,33.23,8.11,19.79,20.12,5.88,28.11,4.22,8.6,11.9,18.1354,10.5,7.2,10.82,13.08,13.98,9.46,20.5,8.36,19.81,7.13,16.11,25.4,32.18,5.38,48.24,6.47,9.27,9.82,4.82,11.83,16.91,11.62,34.11,5.04,9.47,24.22,14.5032,27.18,43.33,24.36
3/20/2017,15.7,10.75,33.01,33.3,8.15,19.9,20.3,5.91,28.15,4.26,8.65,12.11,17.9564,10.43,7.32,10.9,13.48,14.14,9.59,20.02,8.45,19.5,7.27,16.22,26.4,31.89,5.38,49.93,6.41,9.33,9.82,4.83,12.29,17.01,11.62,33.5,5.05,9.59,24.22,14.7425,27.95,43.78,24.36
3/21/2017,15.86,10.86,33.02,33.43,8.22,20.1,20.34,5.95,28.3,4.27,8.61,12,17.9763,10.36,7.28,10.95,13.41,14.15,9.58,20.34,8.44,18.89,7.28,16.2,26.46,29.39,5.32,49.56,6.46,9.49,10.04,4.81,13.52,17.17,11.59,33.75,5.06,9.43,23.88,15.1711,28.09,43.85,24.36
3/22/2017,15.58,11,33.3,33.18,8.13,20.41,19.95,5.9,28,4.24,8.52,12.04,17.8172,10.38,7.19,10.91,13.38,14.16,9.52,19.91,8.22,18.96,7.39,15.97,26.52,28.52,5.24,49.44,6.51,9.29,9.88,4.77,13.18,16.86,11.49,34.44,4.99,9.45,23.13,15.1163,28.66,43.48,24.36
3/23/2017,15.76,10.8,33.26,33.07,8.94,21.39,19.41,5.97,26.88,4.22,8.47,11.92,17.7675,10.39,7.15,10.94,13.5,14.45,9.45,20.12,8.4,19.2,7.34,15.96,26,28.98,5.3,50.18,6.43,9.33,9.82,4.77,12.7,17.34,11.68,34.27,5,9.85,23.8,15.7642,28,45.2,24.36
3/24/2017,15.76,10.75,33.98,33.5,9.1,21.19,19.22,5.99,26.66,4.21,8.48,11.94,17.8471,10.4,7.17,10.8,13.58,14.34,9.49,20.25,8.3,19.27,7.49,15.88,25.7,28.99,5.31,49.49,6.42,9.18,9.8,4.81,12.55,17.25,11.77,33.98,4.98,9.82,23.29,15.7891,27.87,44.79,26.8
3/27/2017,15.48,10.7,33.98,33.31,8.55,21.29,19.49,5.9,26.82,4.2,8.48,11.83,16.8926,10.56,7.05,10.59,13.5,14.13,9.68,20.05,8.29,18.46,7.31,15.88,25.45,28.28,5.31,47.73,6.45,8.88,9.69,4.78,12.5,16.14,11.71,34.65,4.92,9.52,23.05,16.0233,27.93,44.05,25.5
3/28/2017,15.74,10.43,33.98,33.36,9.41,21.17,19.38,5.89,26.67,4.17,8.48,11.89,17.1312,10.55,7.02,10.63,13.44,13.8,10.21,19.85,8.22,18.34,7.23,15.93,25.38,28.36,5.31,48.08,6.37,8.83,9.69,4.76,12.71,15.77,11.73,34.36,4.91,9.97,23.44,15.9984,27.75,43.08,25.8
3/29/2017,16.2,9.87,33.98,33.08,10.03,21.14,19.09,5.83,25.71,4.17,8.38,11.9,17.8471,10.47,7.01,10.48,13.13,13.2,10.1,19.29,8.04,18.32,7.2,15.84,24.92,28.77,5.29,45.05,6.56,8.46,9.57,4.75,12.32,15.62,11.55,33.44,4.86,9.91,23.02,15.5,27.41,39.83,24.12
3/30/2017,16.52,9.92,33.98,32.73,9.65,20.8,19.17,6.06,25.14,4.05,8.19,11.48,17.34,10.37,6.91,10.22,12.97,13.31,10.25,19.3,7.81,17.29,7.02,15.05,25.45,27.82,5.24,42.5,6.6,8.2,9.27,4.7,11.85,14.78,11.23,33.4,4.7,10.9,23.07,15.3804,27.7,38.28,21.9
3/31/2017,15.5,9.99,33.98,32.86,8.76,20.75,18.6,6.08,26.7,4.07,8.2,11.48,17.69,10.45,6.9,10.22,13,13.25,10.24,19.7,7.83,17.28,6.95,14.9,25.5,27.92,5.23,43.4,6.68,8.35,9.27,4.72,11.78,14.87,11.28,33.36,4.7,10.37,22.2,15.3355,27.2,38.69,22.7
4/5/2017,15.16,10.08,33.98,33.17,9.09,21.1,18.71,6.05,26.92,4.15,8.38,11.51,18.25,10.49,7.05,10.38,13.33,14.03,10.51,19.97,7.95,17.46,7.03,15.29,26.49,28.09,5.3,43.89,6.79,8.61,9.39,5.19,11.95,15.3,11.4,33.8,4.77,10.24,22.19,16.5317,27.38,39.5,23.7
4/6/2017,15.14,10.01,33.98,33.56,9.1,21.22,18.99,6.06,26.66,4.14,8.43,11.47,18,10.41,7.03,10.47,13.39,13.45,10.41,19.98,7.98,18.13,7.04,15.39,26.63,29.11,5.29,44.46,6.74,8.78,9.4,5.71,11.98,15.21,11.39,33.53,4.77,10.28,22.04,16.5317,27.77,39.53,24.92
4/7/2017,14.96,9.89,33.98,33.19,8.86,21.34,18.71,5.99,26.75,4.14,8.35,11.4,17.43,10.36,6.9,10.48,13.28,13.54,10.6,20.17,7.9,17.84,7.03,15.24,26.51,28.66,5.31,43.62,6.65,8.81,9.39,5.54,11.85,15.33,11.39,33.2,4.73,9.95,22.02,16.5317,27.51,38.82,23.95
4/10/2017,14.25,9.89,35.68,32.8,8.59,21.66,18.16,5.92,25.53,4.12,8.24,11.25,16.27,10.32,6.71,10.25,13.51,14.89,10.44,19.24,7.77,17.41,6.86,14.83,26.12,27.44,5.29,40.01,6.43,8.8,9.41,5.95,12.16,15.1,11.26,30.65,4.73,9.64,21.17,16.5317,26.68,36.75,22.98
4/11/2017,14.29,9.8,36.2,33.15,8.53,21.43,17.66,5.84,25.52,4.16,8.28,10.94,16.51,10.39,6.75,10.3,13.4,15.4,9.81,19,7.77,17.52,6.89,14.92,27.39,27.52,5.29,40.68,6.44,8.55,9.36,6.14,11.95,15.3,11.37,30.8,4.73,9.71,20.84,16.5317,27,37.51,23.38
4/12/2017,14.05,9.75,36.06,32.85,8.25,21.25,17.44,5.81,25.66,4.14,8.23,10.81,16.45,10.36,6.75,10.23,13.4,14.14,10.05,18.8,7.78,17.24,6.96,14.74,26.66,27.07,5.35,40.12,6.69,8.6,9.26,5.54,11.67,15.25,11.54,33.1,4.67,9.6,20.01,16.5317,26.96,36.85,22.7
4/13/2017,14.16,9.74,36.04,32.77,8.32,21.8,17.74,5.79,25.69,4.16,8.26,10.71,16.91,10.37,6.75,10.23,13.4,14.43,9.76,19.01,7.72,17.23,6.7,14.8,26.44,27.16,5.35,40.43,6.61,8.79,9.3,6.09,11.71,15.32,11.52,36.41,4.68,9.63,20.17,16.5317,26.79,36.99,22.67
4/14/2017,13.79,9.47,35.96,32.8,7.87,21.55,17.64,5.79,25.73,4.09,8.18,10.4,16.5,10.27,6.66,10.07,13.1,13.87,9.67,18.34,7.49,17.1,6.68,14.47,25.74,27.08,5.34,39.94,6.4,8.57,9,5.84,11.25,15.07,11.28,35.6,4.6,9.34,20.22,16.5317,27.05,36.93,21.65
4/17/2017,13.54,9.64,35.69,32.07,7.45,21.26,17.64,5.71,26.38,4.06,8.13,10.45,16.45,10.3,6.62,9.67,13.26,13.17,9.46,18.27,7.24,16.57,6.55,14.16,25.5,26.18,5.33,39.03,6.26,8.36,8.8,5.77,11.33,14.89,11.21,32.04,4.44,9.34,18.99,15.505,26.3,35.5,20.87
4/18/2017,13.49,9.67,34.71,31.73,7.54,21.27,17.64,5.7,26.03,4.02,8.01,10.3,15.45,10.3,6.55,9.52,13.4,13.08,9.44,17.69,7.08,15.17,6.51,13.8,25.31,25.45,5.28,38.56,6.2,8.11,8.43,5.57,11.05,14.87,11.02,28.84,4.33,9.32,19.46,14.89,26.5,35.08,20.41
4/19/2017,12.93,9.74,34.3,31.51,6.91,21.14,17.64,5.58,25.83,3.92,7.87,10.35,14.79,10.28,6.23,9.31,13.46,13.64,9.21,17.1,6.88,14.72,6.46,13.26,25.24,23.97,5.08,37.4,6.05,7.87,8.29,5.49,10.66,14.58,10.8,27.05,4.22,8.9,19.5,14.3,26.62,35.23,19.9
4/20/2017,12.58,10.36,34.14,31.58,7.03,21.63,17.64,5.41,25.42,3.89,7.67,10.25,14.65,10.26,6.15,9.26,13.63,13.39,9.11,16.7,6.79,14.97,6.5,13.06,25.42,24.1,5.04,37.66,6.09,7.85,8.25,5.18,10.69,14.23,10.8,25.59,4.18,8.75,19.5,15.3,26.77,34.52,19.67
4/21/2017,12.33,10.4,34.28,31.6,6.9,20.99,17.64,4.92,24.19,3.84,7.89,10.11,14.65,10.26,6.07,9.24,13.2,13.3,9.12,16.98,6.71,14.67,6.5,13.16,25.14,23.52,4.96,37.12,6.05,7.83,8.19,5.12,10.63,14.25,10.78,25.31,4.22,8.75,19.08,16.22,27.45,34.48,19.6
4/24/2017,11.8,10.24,33.18,31.48,6.45,21.05,18.07,5.41,22.77,3.67,7.67,9.84,13.99,10.06,5.75,8.86,13.38,13.07,8.88,16.87,6.51,13.7,6.26,12.37,24.49,22.56,4.82,35.56,5.73,7.55,8.01,5.05,10.04,13.93,10.49,23.08,4.03,7.88,17.37,15.89,26.25,33.35,18.59
