datetime,order_book_id,symbol,side,position_effect,last_quantity,last_price,transaction_cost
2017-02-27 15:00:00,300106.XSHE,西部牧业,BUY,,400,15.37,5
2017-02-27 15:00:00,002321.XSHE,华英农业,BUY,,300,11.1,5
2017-02-27 15:00:00,CS1711,CS1711,SELL,OPEN,1,2036,1.5
2017-02-27 15:00:00,FG1705,FG1705,SELL,OPEN,1,1351,3
2017-02-27 15:00:00,RM1705,RM1705,SELL,OPEN,1,2411,1.5
2017-02-27 15:00:00,TA1705,TA1705,SELL,OPEN,1,5606,3
2017-02-27 15:00:00,600265.XSHG,ST景谷,BUY,,300,33.98,8.16
2017-02-27 15:00:00,300498.XSHE,温氏股份,BUY,,500,34.08,13.63
2017-02-27 15:00:00,P1709,P1709,SELL,OPEN,1,5622,2.5
2017-02-27 15:00:00,TA1709,TA1709,SELL,OPEN,1,5708,3
2017-02-27 15:00:00,600540.XSHG,新赛股份,BUY,,200,8.18,5
2017-02-27 15:00:00,000998.XSHE,隆平高科,BUY,,1000,19.69,15.75
2017-02-27 15:00:00,WH1705,WH1705,SELL,OPEN,1,3152,2.5
2017-02-27 15:00:00,MA1709,MA1709,SELL,OPEN,1,2842,1.4
2017-02-27 15:00:00,600097.XSHG,开创国际,BUY,,200,21.28,5
2017-02-27 15:00:00,FG1704,FG1704,SELL,OPEN,1,1387,3
2017-02-27 15:00:00,600313.XSHG,农发种业,BUY,,600,6.29,5
2017-02-27 15:00:00,M1801,M1801,SELL,OPEN,1,2935,1.5
2017-02-27 15:00:00,MA1703,MA1703,SELL,OPEN,1,3029,1.4
2017-02-27 15:00:00,WH1707,WH1707,SELL,OPEN,1,2762,2.5
2017-02-27 15:00:00,300143.XSHE,星河生物,BUY,,300,27.38,6.57
2017-02-27 15:00:00,JD1711,JD1711,SELL,OPEN,1,3867,5.8
2017-02-27 15:00:00,TA1801,TA1801,SELL,OPEN,1,5810,3
2017-02-27 15:00:00,JD1802,JD1802,SELL,OPEN,1,3988,5.98
2017-02-27 15:00:00,C1709,--,SELL,OPEN,1,1685,1.2
2017-02-27 15:00:00,RM1801,RM1801,SELL,OPEN,1,2331,1.5
2017-02-27 15:00:00,JD1801,JD1801,SELL,OPEN,1,4134,6.2
2017-02-27 15:00:00,600467.XSHG,好当家,BUY,,300,4.4,5
2017-02-27 15:00:00,P1801,P1801,SELL,OPEN,1,5606,2.5
2017-02-27 15:00:00,MA1705,MA1705,SELL,OPEN,1,2976,1.4
2017-02-27 15:00:00,CS1709,CS1709,SELL,OPEN,1,2054,1.5
2017-02-27 15:00:00,WH1709,WH1709,SELL,OPEN,1,2716,2.5
2017-02-27 15:00:00,C1711,--,SELL,OPEN,1,1727,1.2
2017-02-27 15:00:00,JD1709,JD1709,SELL,OPEN,1,4338,6.51
2017-02-27 15:00:00,600975.XSHG,新五丰,BUY,,200,8.93,5
2017-02-27 15:00:00,FG1801,FG1801,SELL,OPEN,1,1368,3
2017-02-27 15:00:00,002069.XSHE,獐子岛,BUY,,700,11.04,6.18
2017-02-27 15:00:00,002772.XSHE,众兴菌业,BUY,,700,19.65,11
2017-02-27 15:00:00,002086.XSHE,东方海洋,BUY,,600,10.61,5.09
2017-02-27 15:00:00,601118.XSHG,海南橡胶,BUY,,3000,7.29,17.5
2017-02-27 15:00:00,000713.XSHE,丰乐种业,BUY,,1200,10.91,10.47
2017-02-27 15:00:00,RM1703,RM1703,SELL,OPEN,1,2387,1.5
2017-02-27 15:00:00,CS1705,CS1705,SELL,OPEN,1,1914,1.5
2017-02-27 15:00:00,CF1707,CF1707,SELL,OPEN,1,15985,4.3
2017-02-27 15:00:00,RM1708,RM1708,SELL,OPEN,1,2483,1.5
2017-02-27 15:00:00,300087.XSHE,荃银高科,BUY,,100,12.32,5
2017-02-27 15:00:00,JD1705,JD1705,SELL,OPEN,1,3343,5.01
2017-02-27 15:00:00,TA1707,TA1707,SELL,OPEN,1,5672,3
2017-02-27 15:00:00,FG1709,FG1709,SELL,OPEN,1,1393,3
2017-02-27 15:00:00,600965.XSHG,福成股份,BUY,,800,13.95,8.93
2017-02-28 15:00:00,002321.XSHE,华英农业,SELL,,300,11.11,8.33
2017-02-28 15:00:00,FG1705,FG1705,BUY,CLOSE,1,1320,3
2017-02-28 15:00:00,RM1705,RM1705,BUY,CLOSE,1,2396,1.5
2017-02-28 15:00:00,TA1705,TA1705,BUY,CLOSE,1,5568,3
2017-02-28 15:00:00,600265.XSHG,ST景谷,SELL,,300,34.67,18.72
2017-02-28 15:00:00,300498.XSHE,温氏股份,SELL,,500,34.14,30.73
2017-02-28 15:00:00,P1709,P1709,BUY,CLOSE,1,5594,2.5
2017-02-28 15:00:00,TA1709,TA1709,BUY,CLOSE,1,5674,3
2017-02-28 15:00:00,600540.XSHG,新赛股份,SELL,,200,8.2,6.64
2017-02-28 15:00:00,000998.XSHE,隆平高科,SELL,,1000,19.74,35.53
2017-02-28 15:00:00,WH1705,WH1705,BUY,CLOSE,1,3164,2.5
2017-02-28 15:00:00,MA1709,MA1709,BUY,CLOSE,1,2778,1.4
2017-02-28 15:00:00,600097.XSHG,开创国际,SELL,,200,21.21,9.24
2017-02-28 15:00:00,600313.XSHG,农发种业,SELL,,300,6.26,6.88
2017-02-28 15:00:00,M1801,M1801,BUY,CLOSE,1,2931,1.5
2017-02-28 15:00:00,300143.XSHE,星河生物,SELL,,200,27.25,10.45
2017-02-28 15:00:00,TA1801,TA1801,BUY,CLOSE,1,5782,3
2017-02-28 15:00:00,JD1802,JD1802,BUY,CLOSE,1,3996,5.99
2017-02-28 15:00:00,C1709,--,BUY,CLOSE,1,1687,1.2
2017-02-28 15:00:00,600467.XSHG,好当家,SELL,,300,4.39,6.32
2017-02-28 15:00:00,P1801,P1801,BUY,CLOSE,1,5588,2.5
2017-02-28 15:00:00,MA1705,MA1705,BUY,CLOSE,1,2909,1.4
2017-02-28 15:00:00,WH1709,WH1709,BUY,CLOSE,1,2704,2.5
2017-02-28 15:00:00,C1711,--,BUY,CLOSE,1,1727,1.2
2017-02-28 15:00:00,600975.XSHG,新五丰,SELL,,200,8.96,6.79
2017-02-28 15:00:00,FG1801,FG1801,BUY,CLOSE,1,1341,3
2017-02-28 15:00:00,002069.XSHE,獐子岛,SELL,,700,11.26,14.19
2017-02-28 15:00:00,002086.XSHE,东方海洋,SELL,,600,10.62,11.47
2017-02-28 15:00:00,601118.XSHG,海南橡胶,SELL,,2800,7.31,36.84
2017-02-28 15:00:00,000713.XSHE,丰乐种业,SELL,,1200,10.96,23.67
2017-02-28 15:00:00,RM1703,RM1703,BUY,CLOSE,1,2399,1.5
2017-02-28 15:00:00,CF1707,CF1707,BUY,CLOSE,1,16195,4.3
2017-02-28 15:00:00,TA1707,TA1707,BUY,CLOSE,1,5618,3
2017-02-28 15:00:00,FG1709,FG1709,BUY,CLOSE,1,1365,3
2017-02-28 15:00:00,600965.XSHG,福成股份,SELL,,800,13.96,20.1
2017-02-28 15:00:00,300106.XSHE,西部牧业,BUY,,300,15.3,5
2017-02-28 15:00:00,C1801,C1801,SELL,OPEN,1,1745,1.2
2017-02-28 15:00:00,002447.XSHE,壹桥股份,BUY,,100,9.42,5
2017-02-28 15:00:00,JD1710,JD1710,SELL,OPEN,1,3928,5.89
2017-02-28 15:00:00,300313.XSHE,天山生物,BUY,,300,18.55,5
2017-02-28 15:00:00,JD1801,JD1801,SELL,OPEN,1,4141,6.21
2017-02-28 15:00:00,CS1709,CS1709,SELL,OPEN,1,2056,1.5
2017-02-28 15:00:00,JD1709,JD1709,SELL,OPEN,1,4346,6.52
2017-02-28 15:00:00,002772.XSHE,众兴菌业,BUY,,500,19.44,7.78
2017-02-28 15:00:00,CS1705,CS1705,SELL,OPEN,1,1919,1.5
2017-02-28 15:00:00,JD1706,JD1706,SELL,OPEN,1,3416,5.12
2017-03-01 15:00:00,300106.XSHE,西部牧业,SELL,,700,15.39,19.39
2017-03-01 15:00:00,FG1704,FG1704,BUY,CLOSE,1,1331,3
2017-03-01 15:00:00,JD1711,JD1711,BUY,CLOSE,1,3868,5.8
2017-03-01 15:00:00,JD1710,JD1710,BUY,CLOSE,1,3922,5.88
2017-03-01 15:00:00,RM1801,RM1801,BUY,CLOSE,1,2344,1.5
2017-03-01 15:00:00,300313.XSHE,天山生物,SELL,,300,18.23,10.47
2017-03-01 15:00:00,JD1801,JD1801,BUY,CLOSE,1,4139,6.21
2017-03-01 15:00:00,CS1709,CS1709,BUY,CLOSE,1,2055,1.5
2017-03-01 15:00:00,JD1709,JD1709,BUY,CLOSE,1,4333,6.5
2017-03-01 15:00:00,002772.XSHE,众兴菌业,SELL,,1200,19.36,41.82
2017-03-01 15:00:00,CS1705,CS1705,BUY,CLOSE,1,1917,1.5
2017-03-01 15:00:00,JD1705,JD1705,BUY,CLOSE,1,3330,5
2017-03-01 15:00:00,A1705,--,SELL,OPEN,1,4129,2
2017-03-01 15:00:00,OI1705,OI1705,SELL,OPEN,1,6890,2.5
2017-03-01 15:00:00,JD1704,JD1704,SELL,OPEN,1,2727,4.09
2017-03-01 15:00:00,M1705,--,SELL,OPEN,1,2909,1.5
2017-03-01 15:00:00,C1705,--,SELL,OPEN,1,1603,1.2
2017-03-01 15:00:00,600354.XSHG,敦煌种业,BUY,,1200,8.62,8.28
2017-03-01 15:00:00,M1707,--,SELL,OPEN,1,2958,1.5
2017-03-01 15:00:00,M1708,--,SELL,OPEN,1,2963,1.5
2017-03-01 15:00:00,M1709,--,SELL,OPEN,1,2947,1.5
2017-03-01 15:00:00,SR1801,SR1801,SELL,OPEN,1,7070,3
2017-03-01 15:00:00,600097.XSHG,开创国际,BUY,,100,21.33,5
2017-03-01 15:00:00,SR1805,SR1805,SELL,OPEN,1,6952,3
2017-03-01 15:00:00,RM1711,RM1711,SELL,OPEN,1,2373,1.5
2017-03-01 15:00:00,002234.XSHE,民和股份,BUY,,800,20.12,12.88
2017-03-01 15:00:00,CF1711,CF1711,SELL,OPEN,1,16470,4.3
2017-03-01 15:00:00,600313.XSHG,农发种业,BUY,,8800,6.18,43.51
2017-03-01 15:00:00,SR1709,SR1709,SELL,OPEN,1,6902,3
2017-03-01 15:00:00,A1801,A1801,SELL,OPEN,1,4129,2
2017-03-01 15:00:00,CF1801,CF1801,SELL,OPEN,1,16740,4.3
2017-03-01 15:00:00,000735.XSHE,罗牛山,BUY,,1000,7.08,5.66
2017-03-01 15:00:00,600371.XSHG,万向德农,BUY,,600,16.61,7.97
2017-03-01 15:00:00,P1710,P1710,SELL,OPEN,1,5654,2.5
2017-03-01 15:00:00,C1709,--,SELL,OPEN,1,1684,1.2
2017-03-01 15:00:00,Y1801,Y1801,SELL,OPEN,1,6900,2.5
2017-03-01 15:00:00,WH1709,WH1709,SELL,OPEN,1,2721,2.5
2017-03-01 15:00:00,B1705,--,SELL,OPEN,1,4010,2
2017-03-01 15:00:00,002200.XSHE,云投生态,BUY,,1000,25.1,20.08
2017-03-01 15:00:00,C1711,--,SELL,OPEN,1,1727,1.2
2017-03-01 15:00:00,CS1801,CS1801,SELL,OPEN,1,2080,1.5
2017-03-01 15:00:00,RM1709,RM1709,SELL,OPEN,1,2461,1.5
2017-03-01 15:00:00,CF1703,CF1703,SELL,OPEN,1,15830,4.3
2017-03-01 15:00:00,OI1709,OI1709,SELL,OPEN,1,7158,2.5
2017-03-01 15:00:00,OI1801,OI1801,SELL,OPEN,1,7318,2.5
2017-03-01 15:00:00,002458.XSHE,益生股份,BUY,,200,33.09,5.29
2017-03-01 15:00:00,SR1705,SR1705,SELL,OPEN,1,6836,3
2017-03-01 15:00:00,A1709,A1709,SELL,OPEN,1,4116,2
2017-03-01 15:00:00,CS1707,CS1707,SELL,OPEN,1,1942,1.5
2017-03-01 15:00:00,600108.XSHG,亚盛集团,BUY,,3800,5.57,16.93
2017-03-01 15:00:00,002746.XSHE,仙坛股份,BUY,,500,45.48,18.19
2017-03-01 15:00:00,CF1709,CF1709,SELL,OPEN,1,16420,4.3
2017-03-01 15:00:00,CF1705,CF1705,SELL,OPEN,1,16010,4.3
2017-03-01 15:00:00,A1805,A1805,SELL,OPEN,1,4157,2
2017-03-01 15:00:00,JD1708,JD1708,SELL,OPEN,1,3903,5.85
2017-03-01 15:00:00,Y1705,Y1705,SELL,OPEN,1,6652,2.5
2017-03-01 15:00:00,000592.XSHE,平潭发展,BUY,,5800,6.7,31.09
2017-03-01 15:00:00,601118.XSHG,海南橡胶,BUY,,2000,7.36,11.78
2017-03-01 15:00:00,JD1703,JD1703,SELL,OPEN,1,2546,3.82
2017-03-02 15:00:00,A1705,--,BUY,CLOSE,1,4107,2
2017-03-02 15:00:00,OI1705,OI1705,BUY,CLOSE,1,6912,2.5
2017-03-02 15:00:00,JD1704,JD1704,BUY,CLOSE,1,2782,4.17
2017-03-02 15:00:00,M1705,--,BUY,CLOSE,1,2945,1.5
2017-03-02 15:00:00,600354.XSHG,敦煌种业,SELL,,900,8.6,13.93
2017-03-02 15:00:00,M1707,--,BUY,CLOSE,1,2985,1.5
2017-03-02 15:00:00,M1708,--,BUY,CLOSE,1,2978,1.5
2017-03-02 15:00:00,M1709,--,BUY,CLOSE,1,2979,1.5
2017-03-02 15:00:00,RM1711,RM1711,BUY,CLOSE,1,2403,1.5
2017-03-02 15:00:00,600313.XSHG,农发种业,SELL,,9100,6.28,102.87
2017-03-02 15:00:00,SR1709,SR1709,BUY,CLOSE,1,6908,3
2017-03-02 15:00:00,A1801,A1801,BUY,CLOSE,1,4118,2
2017-03-02 15:00:00,WH1707,WH1707,BUY,CLOSE,1,2820,2.5
2017-03-02 15:00:00,P1710,P1710,BUY,CLOSE,1,5724,2.5
2017-03-02 15:00:00,JD1801,JD1801,BUY,CLOSE,1,4111,6.17
2017-03-02 15:00:00,Y1801,Y1801,BUY,CLOSE,1,6954,2.5
2017-03-02 15:00:00,002200.XSHE,云投生态,SELL,,1000,25.63,46.13
2017-03-02 15:00:00,RM1709,RM1709,BUY,CLOSE,1,2490,1.5
2017-03-02 15:00:00,OI1709,OI1709,BUY,CLOSE,1,7192,2.5
2017-03-02 15:00:00,OI1801,OI1801,BUY,CLOSE,1,7362,2.5
2017-03-02 15:00:00,SR1705,SR1705,BUY,CLOSE,1,6834,3
2017-03-02 15:00:00,A1709,A1709,BUY,CLOSE,1,4089,2
2017-03-02 15:00:00,600108.XSHG,亚盛集团,SELL,,1400,5.49,13.83
2017-03-02 15:00:00,002746.XSHE,仙坛股份,SELL,,400,44.77,32.23
2017-03-02 15:00:00,A1805,A1805,BUY,CLOSE,1,4155,2
2017-03-02 15:00:00,JD1708,JD1708,BUY,CLOSE,1,3861,5.79
2017-03-02 15:00:00,Y1705,Y1705,BUY,CLOSE,1,6688,2.5
2017-03-02 15:00:00,000592.XSHE,平潭发展,SELL,,5800,6.53,68.17
2017-03-02 15:00:00,601118.XSHG,海南橡胶,SELL,,1500,7.26,19.6
2017-03-02 15:00:00,JD1703,JD1703,BUY,CLOSE,1,2503,3.75
2017-03-02 15:00:00,C1801,C1801,SELL,OPEN,1,1749,1.2
2017-03-02 15:00:00,FG1705,FG1705,SELL,OPEN,1,1326,3
2017-03-02 15:00:00,SR1801,SR1801,SELL,OPEN,1,7086,3
2017-03-02 15:00:00,SR1805,SR1805,SELL,OPEN,1,6962,3
2017-03-02 15:00:00,CF1801,CF1801,SELL,OPEN,1,16690,4.3
2017-03-02 15:00:00,600371.XSHG,万向德农,BUY,,11200,16.29,145.96
2017-03-02 15:00:00,300094.XSHE,国联水产,BUY,,300,9.57,5
2017-03-02 15:00:00,P1801,P1801,SELL,OPEN,1,5714,2.5
2017-03-02 15:00:00,CS1801,CS1801,SELL,OPEN,1,2088,1.5
2017-03-02 15:00:00,002458.XSHE,益生股份,BUY,,200,32.15,5.14
2017-03-02 15:00:00,CS1707,CS1707,SELL,OPEN,1,1945,1.5
2017-03-02 15:00:00,CF1709,CF1709,SELL,OPEN,1,16410,4.3
2017-03-02 15:00:00,CF1705,CF1705,SELL,OPEN,1,15965,4.3
2017-03-02 15:00:00,002086.XSHE,东方海洋,BUY,,500,10.45,5
2017-03-02 15:00:00,CS1705,CS1705,SELL,OPEN,1,1919,1.5
2017-03-02 15:00:00,CF1707,CF1707,SELL,OPEN,1,16100,4.3
2017-03-02 15:00:00,600257.XSHG,大湖股份,BUY,,300,10.09,5
2017-03-02 15:00:00,JD1705,JD1705,SELL,OPEN,1,3346,5.02
2017-03-02 15:00:00,SR1711,SR1711,SELL,OPEN,1,6925,3
2017-03-03 15:00:00,C1801,C1801,BUY,CLOSE,1,1764,1.2
2017-03-03 15:00:00,FG1705,FG1705,BUY,CLOSE,1,1312,3
2017-03-03 15:00:00,C1705,--,BUY,CLOSE,1,1626,1.2
2017-03-03 15:00:00,600354.XSHG,敦煌种业,SELL,,300,8.55,7.56
2017-03-03 15:00:00,SR1801,SR1801,BUY,CLOSE,1,7164,3
2017-03-03 15:00:00,SR1805,SR1805,BUY,CLOSE,1,7045,3
2017-03-03 15:00:00,002234.XSHE,民和股份,SELL,,800,19.95,28.73
2017-03-03 15:00:00,CF1711,CF1711,BUY,CLOSE,1,16400,4.3
2017-03-03 15:00:00,CF1801,CF1801,BUY,CLOSE,1,16665,4.3
2017-03-03 15:00:00,000735.XSHE,罗牛山,SELL,,1000,7.24,13.03
2017-03-03 15:00:00,600371.XSHG,万向德农,SELL,,11800,16.36,347.49
2017-03-03 15:00:00,C1709,--,BUY,CLOSE,1,1707,1.2
2017-03-03 15:00:00,300094.XSHE,国联水产,SELL,,300,9.6,7.88
2017-03-03 15:00:00,P1801,P1801,BUY,CLOSE,1,5720,2.5
2017-03-03 15:00:00,CS1709,CS1709,BUY,CLOSE,1,2062,1.5
2017-03-03 15:00:00,WH1709,WH1709,BUY,CLOSE,1,2710,2.5
2017-03-03 15:00:00,C1711,--,BUY,CLOSE,1,1743,1.2
2017-03-03 15:00:00,CS1801,CS1801,BUY,CLOSE,1,2092,1.5
2017-03-03 15:00:00,JD1709,JD1709,BUY,CLOSE,1,4334,6.5
2017-03-03 15:00:00,CF1703,CF1703,BUY,CLOSE,1,15715,4.3
2017-03-03 15:00:00,002458.XSHE,益生股份,SELL,,400,32.91,23.7
2017-03-03 15:00:00,600108.XSHG,亚盛集团,SELL,,2400,5.54,23.93
2017-03-03 15:00:00,CF1709,CF1709,BUY,CLOSE,1,16380,4.3
2017-03-03 15:00:00,CF1705,CF1705,BUY,CLOSE,1,15950,4.3
2017-03-03 15:00:00,002086.XSHE,东方海洋,SELL,,500,10.29,10.14
2017-03-03 15:00:00,601118.XSHG,海南橡胶,SELL,,700,7.29,10.1
2017-03-03 15:00:00,CS1705,CS1705,BUY,CLOSE,1,1920,1.5
2017-03-03 15:00:00,CF1707,CF1707,BUY,CLOSE,1,16035,4.3
2017-03-03 15:00:00,RM1708,RM1708,BUY,CLOSE,1,2492,1.5
2017-03-03 15:00:00,600257.XSHG,大湖股份,SELL,,300,10.06,8.02
2017-03-03 15:00:00,JD1706,JD1706,BUY,CLOSE,1,3369,5.05
2017-03-03 15:00:00,JD1705,JD1705,BUY,CLOSE,1,3318,4.98
2017-03-06 15:00:00,CS1711,CS1711,BUY,CLOSE,1,2079,1.5
2017-03-06 15:00:00,C1801,C1801,BUY,CLOSE,1,1775,1.2
2017-03-06 15:00:00,SR1801,SR1801,BUY,CLOSE,1,7150,3
2017-03-06 15:00:00,SR1805,SR1805,BUY,CLOSE,1,7039,3
2017-03-06 15:00:00,CF1801,CF1801,BUY,CLOSE,1,17035,4.3
2017-03-06 15:00:00,CS1801,CS1801,BUY,CLOSE,1,2106,1.5
2017-03-06 15:00:00,CS1707,CS1707,BUY,CLOSE,1,1998,1.5
2017-03-06 15:00:00,CF1709,CF1709,BUY,CLOSE,1,16840,4.3
2017-03-06 15:00:00,CF1705,CF1705,BUY,CLOSE,1,16430,4.3
2017-03-06 15:00:00,CS1705,CS1705,BUY,CLOSE,1,1933,1.5
2017-03-06 15:00:00,OI1705,OI1705,SELL,OPEN,1,6882,2.5
2017-03-06 15:00:00,600265.XSHG,ST景谷,BUY,,900,33.8,24.34
2017-03-06 15:00:00,TA1709,TA1709,SELL,OPEN,1,5682,3
2017-03-06 15:00:00,P1705,P1705,SELL,OPEN,1,5934,2.5
2017-03-06 15:00:00,TA1706,TA1706,SELL,OPEN,1,5600,3
2017-03-06 15:00:00,TA1801,TA1801,SELL,OPEN,1,5792,3
2017-03-06 15:00:00,002477.XSHE,雏鹰农牧,BUY,,1600,4.9,6.27
2017-03-06 15:00:00,000798.XSHE,中水渔业,BUY,,200,11.9,5
2017-03-06 15:00:00,OI1709,OI1709,SELL,OPEN,1,7188,2.5
2017-03-06 15:00:00,002041.XSHE,登海种业,BUY,,200,17.64,5
2017-03-06 15:00:00,OI1801,OI1801,SELL,OPEN,1,7350,2.5
2017-03-06 15:00:00,Y1705,Y1705,SELL,OPEN,1,6686,2.5
2017-03-06 15:00:00,600257.XSHG,大湖股份,BUY,,700,10.09,5.65
2017-03-07 15:00:00,OI1705,OI1705,BUY,CLOSE,1,6760,2.5
2017-03-07 15:00:00,600265.XSHG,ST景谷,SELL,,900,33.24,53.85
2017-03-07 15:00:00,TA1709,TA1709,BUY,CLOSE,1,5694,3
2017-03-07 15:00:00,P1705,P1705,BUY,CLOSE,1,5876,2.5
2017-03-07 15:00:00,002477.XSHE,雏鹰农牧,SELL,,1600,4.9,14.11
2017-03-07 15:00:00,000798.XSHE,中水渔业,SELL,,200,12.01,7.4
2017-03-07 15:00:00,OI1709,OI1709,BUY,CLOSE,1,7102,2.5
2017-03-07 15:00:00,002041.XSHE,登海种业,SELL,,200,17.74,8.55
2017-03-07 15:00:00,OI1801,OI1801,BUY,CLOSE,1,7268,2.5
2017-03-07 15:00:00,CS1707,CS1707,BUY,CLOSE,1,1988,1.5
2017-03-07 15:00:00,Y1705,Y1705,BUY,CLOSE,1,6586,2.5
2017-03-07 15:00:00,600257.XSHG,大湖股份,SELL,,700,10.07,12.69
2017-03-07 15:00:00,600108.XSHG,亚盛集团,BUY,,700,5.54,5
2017-03-08 15:00:00,TA1706,TA1706,BUY,CLOSE,1,5442,3
2017-03-08 15:00:00,TA1801,TA1801,BUY,CLOSE,1,5646,3
2017-03-08 15:00:00,600108.XSHG,亚盛集团,SELL,,700,5.51,8.86
2017-03-08 15:00:00,SR1711,SR1711,BUY,CLOSE,1,6915,3
2017-03-08 15:00:00,000798.XSHE,中水渔业,BUY,,100,11.87,5
2017-03-08 15:00:00,002086.XSHE,东方海洋,BUY,,100,10.73,5
2017-03-09 15:00:00,A1705,--,SELL,OPEN,1,4011,2
2017-03-09 15:00:00,JD1710,JD1710,SELL,OPEN,1,3870,5.8
2017-03-09 15:00:00,300094.XSHE,国联水产,BUY,,100,9.34,5
2017-03-09 15:00:00,002477.XSHE,雏鹰农牧,BUY,,2100,4.84,8.13
2017-03-09 15:00:00,WH1709,WH1709,SELL,OPEN,1,2710,2.5
2017-03-09 15:00:00,A1709,A1709,SELL,OPEN,1,3977,2
2017-03-09 15:00:00,CS1707,CS1707,SELL,OPEN,1,1959,1.5
2017-03-10 15:00:00,A1705,--,BUY,CLOSE,1,3881,2
2017-03-10 15:00:00,JD1710,JD1710,BUY,CLOSE,1,3865,5.8
2017-03-10 15:00:00,002477.XSHE,雏鹰农牧,SELL,,2100,4.83,18.26
2017-03-10 15:00:00,WH1709,WH1709,BUY,CLOSE,1,2691,2.5
2017-03-10 15:00:00,A1709,A1709,BUY,CLOSE,1,3885,2
2017-03-10 15:00:00,CS1707,CS1707,BUY,CLOSE,1,1961,1.5
2017-03-10 15:00:00,MA1710,MA1710,SELL,OPEN,1,2605,1.4
2017-03-10 15:00:00,600313.XSHG,农发种业,BUY,,600,5.95,5
2017-03-10 15:00:00,SR1707,SR1707,SELL,OPEN,1,6802,3
2017-03-10 15:00:00,MA1711,MA1711,SELL,OPEN,1,2590,1.4
2017-03-10 15:00:00,600467.XSHG,好当家,BUY,,2500,4.2,8.4
2017-03-10 15:00:00,600598.XSHG,北大荒,BUY,,1100,11.73,10.32
2017-03-10 15:00:00,FG1706,FG1706,SELL,OPEN,1,1246,3
2017-03-10 15:00:00,JD1705,JD1705,SELL,OPEN,1,3205,4.81
2017-03-13 15:00:00,600467.XSHG,好当家,SELL,,2500,4.24,19.08
2017-03-13 15:00:00,600598.XSHG,北大荒,SELL,,1100,11.75,23.27
2017-03-13 15:00:00,FG1706,FG1706,BUY,CLOSE,1,1246,3
2017-03-13 15:00:00,002321.XSHE,华英农业,BUY,,700,10.64,5.96
2017-03-13 15:00:00,OI1705,OI1705,SELL,OPEN,1,6570,2.5
2017-03-13 15:00:00,SR1801,SR1801,SELL,OPEN,1,7080,3
2017-03-13 15:00:00,600313.XSHG,农发种业,BUY,,1200,5.95,5.71
2017-03-13 15:00:00,SR1709,SR1709,SELL,OPEN,1,6866,3
2017-03-13 15:00:00,A1805,A1805,SELL,OPEN,1,4044,2
2017-03-14 15:00:00,002321.XSHE,华英农业,SELL,,700,10.62,13.38
2017-03-14 15:00:00,OI1705,OI1705,BUY,CLOSE,1,6546,2.5
2017-03-14 15:00:00,SR1801,SR1801,BUY,CLOSE,1,7069,3
2017-03-14 15:00:00,SR1709,SR1709,BUY,CLOSE,1,6861,3
2017-03-14 15:00:00,B1705,--,BUY,CLOSE,1,3920,2
2017-03-14 15:00:00,A1805,A1805,BUY,CLOSE,1,3979,2
2017-03-14 15:00:00,JD1705,JD1705,BUY,CLOSE,1,3222,4.83
2017-03-14 15:00:00,P1706,--,SELL,OPEN,1,5778,2.5
2017-03-14 15:00:00,FG1705,FG1705,SELL,OPEN,1,1240,3
2017-03-14 15:00:00,TA1705,TA1705,SELL,OPEN,1,5070,3
2017-03-14 15:00:00,TA1709,TA1709,SELL,OPEN,1,5228,3
2017-03-14 15:00:00,WH1705,WH1705,SELL,OPEN,1,3141,2.5
2017-03-14 15:00:00,TA1708,TA1708,SELL,OPEN,1,5238,3
2017-03-14 15:00:00,TA1706,TA1706,SELL,OPEN,1,5122,3
2017-03-14 15:00:00,TA1801,TA1801,SELL,OPEN,1,5360,3
2017-03-14 15:00:00,300094.XSHE,国联水产,BUY,,2200,9.16,16.12
2017-03-14 15:00:00,002477.XSHE,雏鹰农牧,BUY,,300,4.83,5
2017-03-14 15:00:00,600467.XSHG,好当家,BUY,,2500,4.23,8.46
2017-03-14 15:00:00,OI1707,OI1707,SELL,OPEN,1,7026,2.5
2017-03-14 15:00:00,TA1704,TA1704,SELL,OPEN,1,5060,3
2017-03-14 15:00:00,600975.XSHG,新五丰,BUY,,2300,8.62,15.86
2017-03-14 15:00:00,600108.XSHG,亚盛集团,BUY,,2700,5.39,11.64
2017-03-14 15:00:00,FG1801,FG1801,SELL,OPEN,1,1229,3
2017-03-14 15:00:00,002069.XSHE,獐子岛,BUY,,15500,11.4,141.36
2017-03-14 15:00:00,600598.XSHG,北大荒,BUY,,800,11.67,7.47
2017-03-14 15:00:00,FG1706,FG1706,SELL,OPEN,1,1251,3
2017-03-14 15:00:00,601118.XSHG,海南橡胶,BUY,,100,7.14,5
2017-03-14 15:00:00,000713.XSHE,丰乐种业,BUY,,2400,10.83,20.79
2017-03-14 15:00:00,600257.XSHG,大湖股份,BUY,,2400,9.92,19.05
2017-03-14 15:00:00,FG1709,FG1709,SELL,OPEN,1,1253,3
2017-03-15 15:00:00,WH1705,WH1705,BUY,CLOSE,1,3139,2.5
2017-03-15 15:00:00,600313.XSHG,农发种业,SELL,,1600,5.9,16.99
2017-03-15 15:00:00,SR1707,SR1707,BUY,CLOSE,1,6857,3
2017-03-15 15:00:00,300094.XSHE,国联水产,SELL,,2000,9.29,33.44
2017-03-15 15:00:00,002477.XSHE,雏鹰农牧,SELL,,300,4.83,6.45
2017-03-15 15:00:00,600467.XSHG,好当家,SELL,,1600,4.21,12.12
2017-03-15 15:00:00,OI1707,OI1707,BUY,CLOSE,1,6870,2.5
2017-03-15 15:00:00,002069.XSHE,獐子岛,SELL,,15500,11.65,325.03
2017-03-15 15:00:00,600598.XSHG,北大荒,SELL,,100,11.67,6.17
2017-03-15 15:00:00,P1706,--,SELL,OPEN,1,5796,2.5
2017-03-15 15:00:00,C1801,C1801,SELL,OPEN,1,1733,1.2
2017-03-15 15:00:00,MA1801,MA1801,SELL,OPEN,1,2568,1.4
2017-03-15 15:00:00,FG1705,FG1705,SELL,OPEN,1,1256,3
2017-03-15 15:00:00,002679.XSHE,福建金森,BUY,,2800,33.94,76.03
2017-03-15 15:00:00,M1705,--,SELL,OPEN,1,2871,1.5
2017-03-15 15:00:00,RM1705,RM1705,SELL,OPEN,1,2388,1.5
2017-03-15 15:00:00,C1705,--,SELL,OPEN,1,1576,1.2
2017-03-15 15:00:00,SR1807,SR1807,SELL,OPEN,1,7052,3
2017-03-15 15:00:00,TA1705,TA1705,SELL,OPEN,1,5080,3
2017-03-15 15:00:00,600265.XSHG,ST景谷,BUY,,100,33.99,5
2017-03-15 15:00:00,600354.XSHG,敦煌种业,BUY,,300,8.28,5
2017-03-15 15:00:00,P1709,P1709,SELL,OPEN,1,5512,2.5
2017-03-15 15:00:00,TA1709,TA1709,SELL,OPEN,1,5238,3
2017-03-15 15:00:00,M1707,--,SELL,OPEN,1,2922,1.5
2017-03-15 15:00:00,M1708,--,SELL,OPEN,1,2922,1.5
2017-03-15 15:00:00,M1709,--,SELL,OPEN,1,2884,1.5
2017-03-15 15:00:00,SR1801,SR1801,SELL,OPEN,1,7113,3
2017-03-15 15:00:00,MA1709,MA1709,SELL,OPEN,1,2611,1.4
2017-03-15 15:00:00,SR1805,SR1805,SELL,OPEN,1,7077,3
2017-03-15 15:00:00,RM1711,RM1711,SELL,OPEN,1,2319,1.5
2017-03-15 15:00:00,002234.XSHE,民和股份,BUY,,400,19.86,6.36
2017-03-15 15:00:00,CF1711,CF1711,SELL,OPEN,1,15805,4.3
2017-03-15 15:00:00,M1801,M1801,SELL,OPEN,1,2918,1.5
2017-03-15 15:00:00,A1801,A1801,SELL,OPEN,1,3901,2
2017-03-15 15:00:00,TA1708,TA1708,SELL,OPEN,1,5220,3
2017-03-15 15:00:00,TA1706,TA1706,SELL,OPEN,1,5112,3
2017-03-15 15:00:00,CF1801,CF1801,SELL,OPEN,1,16080,4.3
2017-03-15 15:00:00,TA1801,TA1801,SELL,OPEN,1,5382,3
2017-03-15 15:00:00,000735.XSHE,罗牛山,BUY,,1500,7.08,8.5
2017-03-15 15:00:00,600371.XSHG,万向德农,BUY,,200,16.02,5
2017-03-15 15:00:00,300189.XSHE,神农基因,BUY,,1200,5.07,5
2017-03-15 15:00:00,C1709,--,SELL,OPEN,1,1661,1.2
2017-03-15 15:00:00,C1707,--,SELL,OPEN,1,1612,1.2
2017-03-15 15:00:00,RM1801,RM1801,SELL,OPEN,1,2272,1.5
2017-03-15 15:00:00,600359.XSHG,新农开发,BUY,,300,9.36,5
2017-03-15 15:00:00,P1801,P1801,SELL,OPEN,1,5498,2.5
2017-03-15 15:00:00,Y1801,Y1801,SELL,OPEN,1,6642,2.5
2017-03-15 15:00:00,M1711,--,SELL,OPEN,1,2893,1.5
2017-03-15 15:00:00,MA1705,MA1705,SELL,OPEN,1,2720,1.4
2017-03-15 15:00:00,600506.XSHG,香梨股份,BUY,,300,23.99,5.76
2017-03-15 15:00:00,000711.XSHE,京蓝科技,BUY,,100,28.5,5
2017-03-15 15:00:00,C1711,--,SELL,OPEN,1,1709,1.2
2017-03-15 15:00:00,RM1709,RM1709,SELL,OPEN,1,2399,1.5
2017-03-15 15:00:00,JD1709,JD1709,SELL,OPEN,1,4318,6.48
2017-03-15 15:00:00,TA1704,TA1704,SELL,OPEN,1,5062,3
2017-03-15 15:00:00,002041.XSHE,登海种业,BUY,,400,16.97,5.43
2017-03-15 15:00:00,600975.XSHG,新五丰,BUY,,4800,8.58,32.95
2017-03-15 15:00:00,002458.XSHE,益生股份,BUY,,200,31.5,5.04
2017-03-15 15:00:00,A1709,A1709,SELL,OPEN,1,3856,2
2017-03-15 15:00:00,600108.XSHG,亚盛集团,BUY,,1900,5.38,8.18
2017-03-15 15:00:00,FG1801,FG1801,SELL,OPEN,1,1251,3
2017-03-15 15:00:00,Y1709,Y1709,SELL,OPEN,1,6504,2.5
2017-03-15 15:00:00,002772.XSHE,众兴菌业,BUY,,1600,18.24,23.35
2017-03-15 15:00:00,Y1705,Y1705,SELL,OPEN,1,6348,2.5
2017-03-15 15:00:00,002086.XSHE,东方海洋,BUY,,500,10.48,5
2017-03-15 15:00:00,601118.XSHG,海南橡胶,BUY,,2400,7.09,13.61
2017-03-15 15:00:00,000713.XSHE,丰乐种业,BUY,,1900,10.8,16.42
2017-03-15 15:00:00,600257.XSHG,大湖股份,BUY,,22100,9.77,172.73
2017-03-15 15:00:00,FG1709,FG1709,SELL,OPEN,1,1273,3
2017-03-16 15:00:00,P1706,--,BUY,CLOSE,1,5858,2.5
2017-03-16 15:00:00,C1801,C1801,BUY,CLOSE,1,1734,1.2
2017-03-16 15:00:00,MA1801,MA1801,BUY,CLOSE,1,2587,1.4
2017-03-16 15:00:00,FG1705,FG1705,BUY,CLOSE,1,1249,3
2017-03-16 15:00:00,002679.XSHE,福建金森,SELL,,2800,34.25,172.62
2017-03-16 15:00:00,M1705,--,BUY,CLOSE,1,2864,1.5
2017-03-16 15:00:00,RM1705,RM1705,BUY,CLOSE,1,2381,1.5
2017-03-16 15:00:00,C1705,--,BUY,CLOSE,1,1575,1.2
2017-03-16 15:00:00,TA1705,TA1705,BUY,CLOSE,1,5106,3
2017-03-16 15:00:00,600354.XSHG,敦煌种业,SELL,,300,8.39,7.52
2017-03-16 15:00:00,P1709,P1709,BUY,CLOSE,1,5594,2.5
2017-03-16 15:00:00,TA1709,TA1709,BUY,CLOSE,1,5268,3
2017-03-16 15:00:00,M1707,--,BUY,CLOSE,1,2901,1.5
2017-03-16 15:00:00,M1708,--,BUY,CLOSE,1,2917,1.5
2017-03-16 15:00:00,M1709,--,BUY,CLOSE,1,2889,1.5
2017-03-16 15:00:00,SR1801,SR1801,BUY,CLOSE,1,7068,3
2017-03-16 15:00:00,MA1709,MA1709,BUY,CLOSE,1,2629,1.4
2017-03-16 15:00:00,SR1805,SR1805,BUY,CLOSE,1,7036,3
2017-03-16 15:00:00,RM1711,RM1711,BUY,CLOSE,1,2306,1.5
2017-03-16 15:00:00,002234.XSHE,民和股份,SELL,,400,20.18,14.53
2017-03-16 15:00:00,CF1711,CF1711,BUY,CLOSE,1,15890,4.3
2017-03-16 15:00:00,600313.XSHG,农发种业,SELL,,200,5.93,6.19
2017-03-16 15:00:00,M1801,M1801,BUY,CLOSE,1,2921,1.5
2017-03-16 15:00:00,A1801,A1801,BUY,CLOSE,1,3889,2
2017-03-16 15:00:00,MA1711,MA1711,BUY,CLOSE,1,2604,1.4
2017-03-16 15:00:00,TA1706,TA1706,BUY,CLOSE,1,5168,3
2017-03-16 15:00:00,CF1801,CF1801,BUY,CLOSE,1,16200,4.3
2017-03-16 15:00:00,TA1801,TA1801,BUY,CLOSE,1,5412,3
2017-03-16 15:00:00,000735.XSHE,罗牛山,SELL,,1500,7.15,19.3
2017-03-16 15:00:00,600371.XSHG,万向德农,SELL,,200,16.18,8.24
2017-03-16 15:00:00,300189.XSHE,神农基因,SELL,,1200,5.09,11.11
2017-03-16 15:00:00,C1709,--,BUY,CLOSE,1,1657,1.2
2017-03-16 15:00:00,C1707,--,BUY,CLOSE,1,1618,1.2
2017-03-16 15:00:00,RM1801,RM1801,BUY,CLOSE,1,2277,1.5
2017-03-16 15:00:00,300094.XSHE,国联水产,SELL,,200,9.3,6.86
2017-03-16 15:00:00,600359.XSHG,新农开发,SELL,,300,9.46,7.84
2017-03-16 15:00:00,600467.XSHG,好当家,SELL,,900,4.29,8.86
2017-03-16 15:00:00,P1801,P1801,BUY,CLOSE,1,5554,2.5
2017-03-16 15:00:00,Y1801,Y1801,BUY,CLOSE,1,6606,2.5
2017-03-16 15:00:00,M1711,--,BUY,CLOSE,1,2907,1.5
2017-03-16 15:00:00,MA1705,MA1705,BUY,CLOSE,1,2679,1.4
2017-03-16 15:00:00,600506.XSHG,香梨股份,SELL,,300,24.11,13.02
2017-03-16 15:00:00,C1711,--,BUY,CLOSE,1,1708,1.2
2017-03-16 15:00:00,RM1709,RM1709,BUY,CLOSE,1,2401,1.5
2017-03-16 15:00:00,JD1709,JD1709,BUY,CLOSE,1,4256,6.38
2017-03-16 15:00:00,TA1704,TA1704,BUY,CLOSE,1,5076,3
2017-03-16 15:00:00,002041.XSHE,登海种业,SELL,,400,17.06,12.28
2017-03-16 15:00:00,600975.XSHG,新五丰,SELL,,7100,8.68,110.93
2017-03-16 15:00:00,002458.XSHE,益生股份,SELL,,200,32.36,11.65
2017-03-16 15:00:00,A1709,A1709,BUY,CLOSE,1,3846,2
2017-03-16 15:00:00,600108.XSHG,亚盛集团,SELL,,4600,5.44,45.04
2017-03-16 15:00:00,FG1801,FG1801,BUY,CLOSE,1,1238,3
2017-03-16 15:00:00,Y1709,Y1709,BUY,CLOSE,1,6472,2.5
2017-03-16 15:00:00,600598.XSHG,北大荒,SELL,,700,11.74,14.79
2017-03-16 15:00:00,FG1706,FG1706,BUY,CLOSE,1,1246,3
2017-03-16 15:00:00,002772.XSHE,众兴菌业,SELL,,1600,18.23,52.5
2017-03-16 15:00:00,Y1705,Y1705,BUY,CLOSE,1,6340,2.5
2017-03-16 15:00:00,002086.XSHE,东方海洋,SELL,,600,10.56,11.4
2017-03-16 15:00:00,601118.XSHG,海南橡胶,SELL,,2500,7.24,32.58
2017-03-16 15:00:00,000713.XSHE,丰乐种业,SELL,,4300,10.88,84.21
2017-03-16 15:00:00,600257.XSHG,大湖股份,SELL,,24500,9.88,435.71
2017-03-16 15:00:00,FG1709,FG1709,BUY,CLOSE,1,1262,3
2017-03-16 15:00:00,CS1707,CS1707,SELL,OPEN,1,1982,1.5
2017-03-17 15:00:00,FG1705,FG1705,BUY,CLOSE,1,1241,3
2017-03-17 15:00:00,TA1705,TA1705,BUY,CLOSE,1,5110,3
2017-03-17 15:00:00,TA1709,TA1709,BUY,CLOSE,1,5270,3
2017-03-17 15:00:00,TA1801,TA1801,BUY,CLOSE,1,5408,3
2017-03-17 15:00:00,CS1707,CS1707,BUY,CLOSE,1,1947,1.5
2017-03-17 15:00:00,FG1801,FG1801,BUY,CLOSE,1,1235,3
2017-03-17 15:00:00,FG1709,FG1709,BUY,CLOSE,1,1256,3
2017-03-17 15:00:00,P1706,--,SELL,OPEN,1,5894,2.5
2017-03-17 15:00:00,MA1801,MA1801,SELL,OPEN,1,2642,1.4
2017-03-17 15:00:00,P1709,P1709,SELL,OPEN,1,5612,2.5
2017-03-17 15:00:00,MA1710,MA1710,SELL,OPEN,1,2655,1.4
2017-03-17 15:00:00,P1705,P1705,SELL,OPEN,1,5904,2.5
2017-03-17 15:00:00,600313.XSHG,农发种业,BUY,,12700,5.88,59.74
2017-03-17 15:00:00,MA1711,MA1711,SELL,OPEN,1,2651,1.4
2017-03-17 15:00:00,000735.XSHE,罗牛山,BUY,,2800,7.13,15.97
2017-03-17 15:00:00,MA1706,MA1706,SELL,OPEN,1,2690,1.4
2017-03-17 15:00:00,002477.XSHE,雏鹰农牧,BUY,,9200,4.82,35.48
2017-03-17 15:00:00,MA1708,MA1708,SELL,OPEN,1,2690,1.4
2017-03-17 15:00:00,600467.XSHG,好当家,BUY,,8000,4.22,27.01
2017-03-17 15:00:00,P1801,P1801,SELL,OPEN,1,5562,2.5
2017-03-17 15:00:00,002200.XSHE,云投生态,BUY,,300,25.4,6.1
2017-03-17 15:00:00,B1709,--,SELL,OPEN,1,3950,2
2017-03-17 15:00:00,600975.XSHG,新五丰,BUY,,5500,8.6,37.84
2017-03-17 15:00:00,600108.XSHG,亚盛集团,BUY,,11100,5.38,47.77
2017-03-17 15:00:00,002746.XSHE,仙坛股份,BUY,,100,48.24,5
2017-03-17 15:00:00,600598.XSHG,北大荒,BUY,,5700,11.62,52.99
2017-03-17 15:00:00,P1711,P1711,SELL,OPEN,1,5588,2.5
2017-03-17 15:00:00,000592.XSHE,平潭发展,BUY,,6700,6.47,34.68
2017-03-17 15:00:00,002086.XSHE,东方海洋,BUY,,2800,10.5,23.52
2017-03-17 15:00:00,601118.XSHG,海南橡胶,BUY,,2000,7.2,11.52
2017-03-17 15:00:00,MA1803,MA1803,SELL,OPEN,1,2620,1.4
2017-03-20 15:00:00,P1706,--,BUY,CLOSE,1,5852,2.5
2017-03-20 15:00:00,MA1710,MA1710,BUY,CLOSE,1,2627,1.4
2017-03-20 15:00:00,600313.XSHG,农发种业,SELL,,12700,5.91,135.1
2017-03-20 15:00:00,TA1708,TA1708,BUY,CLOSE,1,5220,3
2017-03-20 15:00:00,TA1706,TA1706,BUY,CLOSE,1,5134,3
2017-03-20 15:00:00,000735.XSHE,罗牛山,SELL,,2800,7.27,36.64
2017-03-20 15:00:00,MA1706,MA1706,BUY,CLOSE,1,2634,1.4
2017-03-20 15:00:00,002477.XSHE,雏鹰农牧,SELL,,9000,4.83,78.25
2017-03-20 15:00:00,MA1708,MA1708,BUY,CLOSE,1,2622,1.4
2017-03-20 15:00:00,600467.XSHG,好当家,SELL,,8000,4.26,61.34
2017-03-20 15:00:00,002200.XSHE,云投生态,SELL,,200,26.4,10.28
2017-03-20 15:00:00,600975.XSHG,新五丰,SELL,,5400,8.65,84.08
2017-03-20 15:00:00,600108.XSHG,亚盛集团,SELL,,11100,5.38,107.49
2017-03-20 15:00:00,002746.XSHE,仙坛股份,SELL,,200,49.93,17.97
2017-03-20 15:00:00,600598.XSHG,北大荒,SELL,,5600,11.62,117.13
2017-03-20 15:00:00,000592.XSHE,平潭发展,SELL,,6600,6.41,76.15
2017-03-20 15:00:00,002086.XSHE,东方海洋,SELL,,200,10.43,7.09
2017-03-20 15:00:00,601118.XSHG,海南橡胶,SELL,,2000,7.32,26.35
2017-03-20 15:00:00,MA1801,MA1801,SELL,OPEN,1,2625,1.4
2017-03-20 15:00:00,P1709,P1709,SELL,OPEN,1,5642,2.5
2017-03-20 15:00:00,MA1709,MA1709,SELL,OPEN,1,2642,1.4
2017-03-20 15:00:00,A1711,A1711,SELL,OPEN,1,3949,2
2017-03-20 15:00:00,300313.XSHE,天山生物,BUY,,600,20.02,9.61
2017-03-20 15:00:00,P1801,P1801,SELL,OPEN,1,5582,2.5
2017-03-20 15:00:00,002458.XSHE,益生股份,BUY,,100,31.89,5
2017-03-20 15:00:00,000713.XSHE,丰乐种业,BUY,,700,10.9,6.1
2017-03-20 15:00:00,JD1703,JD1703,SELL,OPEN,1,2892,4.34
2017-03-21 15:00:00,P1706,--,BUY,CLOSE,1,5878,2.5
2017-03-21 15:00:00,MA1801,MA1801,BUY,CLOSE,1,2617,1.4
2017-03-21 15:00:00,SR1807,SR1807,BUY,CLOSE,1,6978,3
2017-03-21 15:00:00,P1709,P1709,BUY,CLOSE,1,5626,2.5
2017-03-21 15:00:00,MA1709,MA1709,BUY,CLOSE,1,2612,1.4
2017-03-21 15:00:00,P1705,P1705,BUY,CLOSE,1,5884,2.5
2017-03-21 15:00:00,TA1708,TA1708,BUY,CLOSE,1,5232,3
2017-03-21 15:00:00,002477.XSHE,雏鹰农牧,SELL,,200,4.81,5.96
2017-03-21 15:00:00,300313.XSHE,天山生物,SELL,,600,20.34,21.97
2017-03-21 15:00:00,P1801,P1801,BUY,CLOSE,1,5564,2.5
2017-03-21 15:00:00,002086.XSHE,东方海洋,SELL,,2600,10.36,48.48
2017-03-21 15:00:00,000713.XSHE,丰乐种业,SELL,,700,10.95,13.8
2017-03-21 15:00:00,JD1703,JD1703,BUY,CLOSE,1,2900,4.35
2017-03-21 15:00:00,C1801,C1801,SELL,OPEN,1,1771,1.2
2017-03-21 15:00:00,JD1704,JD1704,SELL,OPEN,1,2880,4.32
2017-03-21 15:00:00,C1705,--,SELL,OPEN,1,1600,1.2
2017-03-21 15:00:00,600359.XSHG,新农开发,BUY,,1300,9.43,9.81
2017-03-21 15:00:00,300087.XSHE,荃银高科,BUY,,100,13.41,5
2017-03-22 15:00:00,MA1801,MA1801,BUY,CLOSE,1,2555,1.4
2017-03-22 15:00:00,JD1704,JD1704,BUY,CLOSE,1,2873,4.31
2017-03-22 15:00:00,MA1710,MA1710,BUY,CLOSE,1,2527,1.4
2017-03-22 15:00:00,600359.XSHG,新农开发,SELL,,1300,9.45,22.11
2017-03-22 15:00:00,P1711,P1711,BUY,CLOSE,1,5610,2.5
2017-03-22 15:00:00,C1705,--,SELL,OPEN,1,1625,1.2
2017-03-22 15:00:00,000735.XSHE,罗牛山,BUY,,100,7.39,5
2017-03-22 15:00:00,C1709,--,SELL,OPEN,1,1710,1.2
2017-03-22 15:00:00,C1707,--,SELL,OPEN,1,1653,1.2
2017-03-22 15:00:00,C1803,--,SELL,OPEN,1,1800,1.2
2017-03-22 15:00:00,601118.XSHG,海南橡胶,BUY,,1400,7.19,8.05
2017-03-23 15:00:00,C1801,C1801,BUY,CLOSE,1,1765,1.2
2017-03-23 15:00:00,C1705,--,BUY,CLOSE,1,1612,1.2
2017-03-23 15:00:00,P1709,P1709,BUY,CLOSE,1,5540,2.5
2017-03-23 15:00:00,A1711,A1711,BUY,CLOSE,1,3896,2
2017-03-23 15:00:00,MA1711,MA1711,BUY,CLOSE,1,2549,1.4
2017-03-23 15:00:00,C1709,--,BUY,CLOSE,1,1693,1.2
2017-03-23 15:00:00,C1707,--,BUY,CLOSE,1,1641,1.2
2017-03-23 15:00:00,P1801,P1801,BUY,CLOSE,1,5472,2.5
2017-03-23 15:00:00,C1803,--,BUY,CLOSE,1,1781,1.2
2017-03-23 15:00:00,B1709,--,BUY,CLOSE,1,3975,2
2017-03-23 15:00:00,601118.XSHG,海南橡胶,SELL,,1400,7.15,18.02
2017-03-23 15:00:00,300087.XSHE,荃银高科,SELL,,200,13.5,7.7
2017-03-23 15:00:00,TA1705,TA1705,SELL,OPEN,1,5088,3
2017-03-23 15:00:00,P1708,P1708,SELL,OPEN,1,5620,2.5
2017-03-23 15:00:00,JR1801,JR1801,SELL,OPEN,1,3140,3
2017-03-23 15:00:00,TA1709,TA1709,SELL,OPEN,1,5248,3
2017-03-23 15:00:00,TA1710,TA1710,SELL,OPEN,1,5322,3
2017-03-23 15:00:00,002234.XSHE,民和股份,BUY,,1400,19.2,21.5
2017-03-23 15:00:00,CF1711,CF1711,SELL,OPEN,1,15970,4.3
2017-03-23 15:00:00,CF1801,CF1801,SELL,OPEN,1,16245,4.3
2017-03-23 15:00:00,TA1801,TA1801,SELL,OPEN,1,5386,3
2017-03-23 15:00:00,600371.XSHG,万向德农,BUY,,400,15.96,5.11
2017-03-23 15:00:00,002477.XSHE,雏鹰农牧,BUY,,26400,4.77,100.74
2017-03-23 15:00:00,600506.XSHG,香梨股份,BUY,,100,23.8,5
2017-03-23 15:00:00,600975.XSHG,新五丰,BUY,,200,8.47,5
2017-03-23 15:00:00,002458.XSHE,益生股份,BUY,,500,28.98,11.59
2017-03-23 15:00:00,600108.XSHG,亚盛集团,BUY,,11000,5.3,46.64
2017-03-23 15:00:00,CF1709,CF1709,SELL,OPEN,1,15860,4.3
2017-03-23 15:00:00,002069.XSHE,獐子岛,BUY,,200,11.92,5
2017-03-23 15:00:00,CF1705,CF1705,SELL,OPEN,1,15320,4.3
2017-03-23 15:00:00,002772.XSHE,众兴菌业,BUY,,600,17.87,8.58
2017-03-23 15:00:00,002086.XSHE,东方海洋,BUY,,6200,10.39,51.53
2017-03-23 15:00:00,CF1707,CF1707,SELL,OPEN,1,15430,4.3
2017-03-24 15:00:00,TA1705,TA1705,BUY,CLOSE,1,5024,3
2017-03-24 15:00:00,TA1709,TA1709,BUY,CLOSE,1,5188,3
2017-03-24 15:00:00,TA1710,TA1710,BUY,CLOSE,1,5250,3
2017-03-24 15:00:00,002234.XSHE,民和股份,SELL,,1400,19.27,48.56
2017-03-24 15:00:00,CF1711,CF1711,BUY,CLOSE,1,15900,4.3
2017-03-24 15:00:00,CF1801,CF1801,BUY,CLOSE,1,16190,4.3
2017-03-24 15:00:00,TA1801,TA1801,BUY,CLOSE,1,5326,3
2017-03-24 15:00:00,600371.XSHG,万向德农,SELL,,400,15.88,11.43
2017-03-24 15:00:00,002477.XSHE,雏鹰农牧,SELL,,26400,4.81,228.57
2017-03-24 15:00:00,600975.XSHG,新五丰,SELL,,300,8.48,7.54
2017-03-24 15:00:00,002458.XSHE,益生股份,SELL,,600,28.99,31.31
2017-03-24 15:00:00,600108.XSHG,亚盛集团,SELL,,11000,5.31,105.14
2017-03-24 15:00:00,CF1709,CF1709,BUY,CLOSE,1,15810,4.3
2017-03-24 15:00:00,002069.XSHE,獐子岛,SELL,,200,11.94,7.39
2017-03-24 15:00:00,CF1705,CF1705,BUY,CLOSE,1,15270,4.3
2017-03-24 15:00:00,002772.XSHE,众兴菌业,SELL,,600,17.95,19.39
2017-03-24 15:00:00,002086.XSHE,东方海洋,SELL,,6200,10.4,116.06
2017-03-24 15:00:00,CF1707,CF1707,BUY,CLOSE,1,15430,4.3
2017-03-24 15:00:00,MA1803,MA1803,BUY,CLOSE,1,2612,1.4
2017-03-24 15:00:00,C1709,--,SELL,OPEN,1,1705,1.2
2017-03-24 15:00:00,C1707,--,SELL,OPEN,1,1656,1.2
2017-03-24 15:00:00,JD1710,JD1710,SELL,OPEN,1,3890,5.83
2017-03-24 15:00:00,002714.XSHE,牧原股份,BUY,,100,27.87,5
2017-03-24 15:00:00,CS1709,CS1709,SELL,OPEN,1,2116,1.5
2017-03-24 15:00:00,JD1709,JD1709,SELL,OPEN,1,4295,6.44
2017-03-27 15:00:00,C1705,--,BUY,CLOSE,1,1636,1.2
2017-03-27 15:00:00,C1709,--,BUY,CLOSE,1,1704,1.2
2017-03-27 15:00:00,C1707,--,BUY,CLOSE,1,1652,1.2
2017-03-27 15:00:00,JD1710,JD1710,BUY,CLOSE,1,3891,5.84
2017-03-27 15:00:00,CS1709,CS1709,BUY,CLOSE,1,2122,1.5
2017-03-27 15:00:00,JD1709,JD1709,BUY,CLOSE,1,4329,6.49
2017-03-27 15:00:00,P1706,--,SELL,OPEN,1,5778,2.5
2017-03-27 15:00:00,MA1801,MA1801,SELL,OPEN,1,2469,1.4
2017-03-27 15:00:00,FG1705,FG1705,SELL,OPEN,1,1202,3
2017-03-27 15:00:00,RI1709,RI1709,SELL,OPEN,1,2746,2.5
2017-03-27 15:00:00,MA1710,MA1710,SELL,OPEN,1,2484,1.4
2017-03-27 15:00:00,MA1709,MA1709,SELL,OPEN,1,2490,1.4
2017-03-27 15:00:00,SR1709,SR1709,SELL,OPEN,1,6742,3
2017-03-27 15:00:00,JD1711,JD1711,SELL,OPEN,1,3829,5.74
2017-03-27 15:00:00,300189.XSHE,神农基因,BUY,,1100,4.92,5
2017-03-27 15:00:00,MA1705,MA1705,SELL,OPEN,1,2481,1.4
2017-03-27 15:00:00,600975.XSHG,新五丰,BUY,,600,8.48,5
2017-03-27 15:00:00,FG1801,FG1801,SELL,OPEN,1,1180,3
2017-03-27 15:00:00,002772.XSHE,众兴菌业,BUY,,3400,16.99,46.21
2017-03-27 15:00:00,601118.XSHG,海南橡胶,BUY,,500,7.05,5
2017-03-27 15:00:00,FG1709,FG1709,SELL,OPEN,1,1200,3
2017-03-28 15:00:00,P1706,--,BUY,CLOSE,1,5700,2.5
2017-03-28 15:00:00,MA1801,MA1801,BUY,CLOSE,1,2481,1.4
2017-03-28 15:00:00,RI1709,RI1709,BUY,CLOSE,1,2754,2.5
2017-03-28 15:00:00,MA1709,MA1709,BUY,CLOSE,1,2508,1.4
2017-03-28 15:00:00,SR1709,SR1709,BUY,CLOSE,1,6701,3
2017-03-28 15:00:00,JD1711,JD1711,BUY,CLOSE,1,3813,5.72
2017-03-28 15:00:00,TA1704,TA1704,BUY,CLOSE,1,4988,3
2017-03-28 15:00:00,600975.XSHG,新五丰,SELL,,600,8.48,10.09
2017-03-28 15:00:00,002772.XSHE,众兴菌业,SELL,,3400,17.23,105.45
2017-03-28 15:00:00,300189.XSHE,神农基因,BUY,,100,4.91,5
2017-03-28 15:00:00,300094.XSHE,国联水产,BUY,,100,8.83,5
2017-03-28 15:00:00,600467.XSHG,好当家,BUY,,1900,4.17,6.34
2017-03-28 15:00:00,FG1801,FG1801,SELL,OPEN,1,1215,3
2017-03-28 15:00:00,FG1706,FG1706,SELL,OPEN,1,1251,3
2017-03-28 15:00:00,FG1707,FG1707,SELL,OPEN,1,1211,3
2017-03-28 15:00:00,601118.XSHG,海南橡胶,BUY,,400,7.02,5
2017-03-28 15:00:00,FG1710,FG1710,SELL,OPEN,1,1227,3
2017-03-28 15:00:00,600257.XSHG,大湖股份,BUY,,400,9.69,5
2017-03-28 15:00:00,FG1709,FG1709,SELL,OPEN,1,1241,3
2017-03-29 15:00:00,FG1705,FG1705,BUY,CLOSE,1,1276,3
2017-03-29 15:00:00,600467.XSHG,好当家,SELL,,1900,4.17,14.26
2017-03-29 15:00:00,MA1705,MA1705,BUY,CLOSE,1,2552,1.4
2017-03-29 15:00:00,FG1801,FG1801,BUY,CLOSE,1,1219,3
2017-03-29 15:00:00,FG1706,FG1706,BUY,CLOSE,1,1250,3
2017-03-29 15:00:00,FG1709,FG1709,BUY,CLOSE,1,1254,3
2017-03-29 15:00:00,002321.XSHE,华英农业,BUY,,1000,9.87,7.9
2017-03-29 15:00:00,MA1801,MA1801,SELL,OPEN,1,2528,1.4
2017-03-29 15:00:00,OI1705,OI1705,SELL,OPEN,1,6234,2.5
2017-03-29 15:00:00,M1705,--,SELL,OPEN,1,2801,1.5
2017-03-29 15:00:00,RM1705,RM1705,SELL,OPEN,1,2347,1.5
2017-03-29 15:00:00,TA1705,TA1705,SELL,OPEN,1,5002,3
2017-03-29 15:00:00,P1709,P1709,SELL,OPEN,1,5442,2.5
2017-03-29 15:00:00,TA1709,TA1709,SELL,OPEN,1,5170,3
2017-03-29 15:00:00,M1707,--,SELL,OPEN,1,2818,1.5
2017-03-29 15:00:00,M1708,--,SELL,OPEN,1,2852,1.5
2017-03-29 15:00:00,TA1710,TA1710,SELL,OPEN,1,5216,3
2017-03-29 15:00:00,M1709,--,SELL,OPEN,1,2816,1.5
2017-03-29 15:00:00,WH1705,WH1705,SELL,OPEN,1,3139,2.5
2017-03-29 15:00:00,MA1710,MA1710,SELL,OPEN,1,2505,1.4
2017-03-29 15:00:00,MA1709,MA1709,SELL,OPEN,1,2553,1.4
2017-03-29 15:00:00,600097.XSHG,开创国际,BUY,,100,19.09,5
2017-03-29 15:00:00,P1705,P1705,SELL,OPEN,1,5730,2.5
2017-03-29 15:00:00,RM1711,RM1711,SELL,OPEN,1,2268,1.5
2017-03-29 15:00:00,M1801,M1801,SELL,OPEN,1,2851,1.5
2017-03-29 15:00:00,300143.XSHE,星河生物,BUY,,1200,25.71,24.68
2017-03-29 15:00:00,TA1706,TA1706,SELL,OPEN,1,4996,3
2017-03-29 15:00:00,TA1801,TA1801,SELL,OPEN,1,5320,3
2017-03-29 15:00:00,RM1803,RM1803,SELL,OPEN,1,2245,1.5
2017-03-29 15:00:00,300189.XSHE,神农基因,BUY,,26000,4.86,101.09
2017-03-29 15:00:00,RM1801,RM1801,SELL,OPEN,1,2225,1.5
2017-03-29 15:00:00,300094.XSHE,国联水产,BUY,,4400,8.46,29.78
2017-03-29 15:00:00,000798.XSHE,中水渔业,BUY,,100,12.32,5
2017-03-29 15:00:00,P1801,P1801,SELL,OPEN,1,5346,2.5
2017-03-29 15:00:00,Y1801,Y1801,SELL,OPEN,1,6368,2.5
2017-03-29 15:00:00,M1711,--,SELL,OPEN,1,2825,1.5
2017-03-29 15:00:00,002200.XSHE,云投生态,BUY,,100,24.92,5
2017-03-29 15:00:00,RM1709,RM1709,SELL,OPEN,1,2360,1.5
2017-03-29 15:00:00,OI1709,OI1709,SELL,OPEN,1,6522,2.5
2017-03-29 15:00:00,002041.XSHE,登海种业,BUY,,200,15.62,5
2017-03-29 15:00:00,OI1801,OI1801,SELL,OPEN,1,6718,2.5
2017-03-29 15:00:00,002746.XSHE,仙坛股份,BUY,,200,45.05,7.21
2017-03-29 15:00:00,Y1709,Y1709,SELL,OPEN,1,6206,2.5
2017-03-29 15:00:00,P1711,P1711,SELL,OPEN,1,5430,2.5
2017-03-29 15:00:00,Y1705,Y1705,SELL,OPEN,1,6070,2.5
2017-03-29 15:00:00,601118.XSHG,海南橡胶,BUY,,100,7.01,5
2017-03-29 15:00:00,000713.XSHE,丰乐种业,BUY,,5800,10.48,48.63
2017-03-29 15:00:00,RM1708,RM1708,SELL,OPEN,1,2389,1.5
2017-03-29 15:00:00,600257.XSHG,大湖股份,BUY,,16600,9.57,127.09
2017-03-29 15:00:00,MA1707,MA1707,SELL,OPEN,1,2536,1.4
2017-03-29 15:00:00,JD1706,JD1706,SELL,OPEN,1,3229,4.84
2017-03-30 15:00:00,002321.XSHE,华英农业,SELL,,600,9.92,10.95
2017-03-30 15:00:00,MA1801,MA1801,BUY,CLOSE,1,2539,1.4
2017-03-30 15:00:00,RM1705,RM1705,BUY,CLOSE,1,2337,1.5
2017-03-30 15:00:00,TA1705,TA1705,BUY,CLOSE,1,4956,3
2017-03-30 15:00:00,TA1709,TA1709,BUY,CLOSE,1,5118,3
2017-03-30 15:00:00,WH1705,WH1705,BUY,CLOSE,1,3141,2.5
2017-03-30 15:00:00,MA1709,MA1709,BUY,CLOSE,1,2557,1.4
2017-03-30 15:00:00,600097.XSHG,开创国际,SELL,,200,19.17,8.83
2017-03-30 15:00:00,RM1711,RM1711,BUY,CLOSE,1,2254,1.5
2017-03-30 15:00:00,M1801,M1801,BUY,CLOSE,1,2819,1.5
2017-03-30 15:00:00,300143.XSHE,星河生物,SELL,,1300,25.14,58.83
2017-03-30 15:00:00,TA1801,TA1801,BUY,CLOSE,1,5266,3
2017-03-30 15:00:00,300094.XSHE,国联水产,SELL,,4200,8.2,61.99
2017-03-30 15:00:00,000798.XSHE,中水渔业,SELL,,200,11.85,7.37
2017-03-30 15:00:00,002200.XSHE,云投生态,SELL,,200,25.45,10.09
2017-03-30 15:00:00,RM1709,RM1709,BUY,CLOSE,1,2339,1.5
2017-03-30 15:00:00,FG1801,FG1801,BUY,CLOSE,1,1215,3
2017-03-30 15:00:00,P1711,P1711,BUY,CLOSE,1,5340,2.5
2017-03-30 15:00:00,600257.XSHG,大湖股份,SELL,,16200,9.27,270.31
2017-03-30 15:00:00,MA1707,MA1707,BUY,CLOSE,1,2552,1.4
2017-03-30 15:00:00,FG1709,FG1709,BUY,CLOSE,1,1251,3
2017-03-30 15:00:00,C1801,C1801,SELL,OPEN,1,1732,1.2
2017-03-30 15:00:00,A1705,--,SELL,OPEN,1,3725,2
2017-03-30 15:00:00,OI1705,OI1705,SELL,OPEN,1,6160,2.5
2017-03-30 15:00:00,FG1705,FG1705,SELL,OPEN,1,1283,3
2017-03-30 15:00:00,JD1704,JD1704,SELL,OPEN,1,2754,4.13
2017-03-30 15:00:00,600354.XSHG,敦煌种业,BUY,,1100,7.81,6.87
2017-03-30 15:00:00,P1709,P1709,SELL,OPEN,1,5350,2.5
2017-03-30 15:00:00,P1707,P1707,SELL,OPEN,1,5606,2.5
2017-03-30 15:00:00,M1707,--,SELL,OPEN,1,2802,1.5
2017-03-30 15:00:00,600540.XSHG,新赛股份,BUY,,100,9.65,5
2017-03-30 15:00:00,MA1710,MA1710,SELL,OPEN,1,2529,1.4
2017-03-30 15:00:00,P1705,P1705,SELL,OPEN,1,5664,2.5
2017-03-30 15:00:00,002234.XSHE,民和股份,BUY,,1400,17.29,19.36
2017-03-30 15:00:00,CF1711,CF1711,SELL,OPEN,1,15390,4.3
2017-03-30 15:00:00,600313.XSHG,农发种业,BUY,,400,6.06,5
2017-03-30 15:00:00,300511.XSHE,雪榕生物,BUY,,100,38.28,5
2017-03-30 15:00:00,A1711,A1711,SELL,OPEN,1,3843,2
2017-03-30 15:00:00,MA1704,MA1704,SELL,OPEN,1,2697,1.4
2017-03-30 15:00:00,A1801,A1801,SELL,OPEN,1,3842,2
2017-03-30 15:00:00,TA1708,TA1708,SELL,OPEN,1,5124,3
2017-03-30 15:00:00,300189.XSHE,神农基因,BUY,,4100,4.7,15.42
2017-03-30 15:00:00,RM1801,RM1801,SELL,OPEN,1,2209,1.5
2017-03-30 15:00:00,300313.XSHE,天山生物,BUY,,600,19.3,9.26
2017-03-30 15:00:00,P1801,P1801,SELL,OPEN,1,5268,2.5
2017-03-30 15:00:00,Y1801,Y1801,SELL,OPEN,1,6280,2.5
2017-03-30 15:00:00,M1711,--,SELL,OPEN,1,2807,1.5
2017-03-30 15:00:00,C1803,--,SELL,OPEN,1,1744,1.2
2017-03-30 15:00:00,CS1801,CS1801,SELL,OPEN,1,2049,1.5
2017-03-30 15:00:00,OI1709,OI1709,SELL,OPEN,1,6444,2.5
2017-03-30 15:00:00,OI1801,OI1801,SELL,OPEN,1,6636,2.5
2017-03-30 15:00:00,A1709,A1709,SELL,OPEN,1,3784,2
2017-03-30 15:00:00,002746.XSHE,仙坛股份,BUY,,500,42.5,17
2017-03-30 15:00:00,CF1709,CF1709,SELL,OPEN,1,15245,4.3
2017-03-30 15:00:00,CF1705,CF1705,SELL,OPEN,1,14745,4.3
2017-03-30 15:00:00,A1805,A1805,SELL,OPEN,1,3921,2
2017-03-30 15:00:00,Y1709,Y1709,SELL,OPEN,1,6122,2.5
2017-03-30 15:00:00,Y1705,Y1705,SELL,OPEN,1,5996,2.5
2017-03-30 15:00:00,601118.XSHG,海南橡胶,BUY,,9500,6.91,52.52
2017-03-30 15:00:00,000713.XSHE,丰乐种业,BUY,,800,10.22,6.54
2017-03-30 15:00:00,CF1707,CF1707,SELL,OPEN,1,14935,4.3
2017-03-30 15:00:00,JD1706,JD1706,SELL,OPEN,1,3171,4.76
2017-03-30 15:00:00,600965.XSHG,福成股份,BUY,,300,13.31,5
2017-03-31 15:00:00,002321.XSHE,华英农业,SELL,,200,9.99,7
2017-03-31 15:00:00,C1801,C1801,BUY,CLOSE,1,1731,1.2
2017-03-31 15:00:00,A1705,--,BUY,CLOSE,1,3718,2
2017-03-31 15:00:00,OI1705,OI1705,BUY,CLOSE,1,6002,2.5
2017-03-31 15:00:00,JD1704,JD1704,BUY,CLOSE,1,2610,3.92
2017-03-31 15:00:00,M1705,--,BUY,CLOSE,1,2780,1.5
2017-03-31 15:00:00,600354.XSHG,敦煌种业,SELL,,700,7.83,10.48
2017-03-31 15:00:00,P1709,P1709,BUY,CLOSE,1,5328,2.5
2017-03-31 15:00:00,M1707,--,BUY,CLOSE,1,2797,1.5
2017-03-31 15:00:00,M1708,--,BUY,CLOSE,1,2800,1.5
2017-03-31 15:00:00,M1709,--,BUY,CLOSE,1,2780,1.5
2017-03-31 15:00:00,MA1710,MA1710,BUY,CLOSE,1,2561,1.4
2017-03-31 15:00:00,P1705,P1705,BUY,CLOSE,1,5668,2.5
2017-03-31 15:00:00,002234.XSHE,民和股份,SELL,,600,17.28,18.66
2017-03-31 15:00:00,CF1711,CF1711,BUY,CLOSE,1,15430,4.3
2017-03-31 15:00:00,600313.XSHG,农发种业,SELL,,400,6.08,7.43
2017-03-31 15:00:00,A1711,A1711,BUY,CLOSE,1,3841,2
2017-03-31 15:00:00,A1801,A1801,BUY,CLOSE,1,3839,2
2017-03-31 15:00:00,TA1708,TA1708,BUY,CLOSE,1,5116,3
2017-03-31 15:00:00,TA1706,TA1706,BUY,CLOSE,1,5000,3
2017-03-31 15:00:00,RM1803,RM1803,BUY,CLOSE,1,2238,1.5
2017-03-31 15:00:00,300189.XSHE,神农基因,SELL,,29700,4.7,251.26
2017-03-31 15:00:00,RM1801,RM1801,BUY,CLOSE,1,2208,1.5
2017-03-31 15:00:00,300094.XSHE,国联水产,SELL,,200,8.35,6.67
2017-03-31 15:00:00,300313.XSHE,天山生物,SELL,,300,19.7,10.91
2017-03-31 15:00:00,P1801,P1801,BUY,CLOSE,1,5268,2.5
2017-03-31 15:00:00,Y1801,Y1801,BUY,CLOSE,1,6200,2.5
2017-03-31 15:00:00,M1711,--,BUY,CLOSE,1,2815,1.5
2017-03-31 15:00:00,C1803,--,BUY,CLOSE,1,1742,1.2
2017-03-31 15:00:00,CS1801,CS1801,BUY,CLOSE,1,2049,1.5
2017-03-31 15:00:00,OI1709,OI1709,BUY,CLOSE,1,6328,2.5
2017-03-31 15:00:00,OI1801,OI1801,BUY,CLOSE,1,6518,2.5
2017-03-31 15:00:00,002746.XSHE,仙坛股份,SELL,,700,43.4,54.68
2017-03-31 15:00:00,CF1709,CF1709,BUY,CLOSE,1,15350,4.3
2017-03-31 15:00:00,Y1709,Y1709,BUY,CLOSE,1,6034,2.5
2017-03-31 15:00:00,Y1705,Y1705,BUY,CLOSE,1,5904,2.5
2017-03-31 15:00:00,601118.XSHG,海南橡胶,SELL,,10500,6.9,130.41
2017-03-31 15:00:00,000713.XSHE,丰乐种业,SELL,,5900,10.22,108.54
2017-03-31 15:00:00,JD1706,JD1706,BUY,CLOSE,1,3162,4.74
2017-03-31 15:00:00,600965.XSHG,福成股份,SELL,,100,13.25,6.33
2017-03-31 15:00:00,FG1705,FG1705,SELL,OPEN,1,1307,3
2017-03-31 15:00:00,002447.XSHE,壹桥股份,BUY,,100,10.24,5
2017-03-31 15:00:00,600540.XSHG,新赛股份,BUY,,100,8.76,5
2017-03-31 15:00:00,WH1705,WH1705,SELL,OPEN,1,3170,2.5
2017-03-31 15:00:00,CF1801,CF1801,SELL,OPEN,1,15810,4.3
2017-03-31 15:00:00,000735.XSHE,罗牛山,BUY,,1200,6.95,6.67
2017-03-31 15:00:00,MA1705,MA1705,SELL,OPEN,1,2575,1.4
2017-03-31 15:00:00,FG1801,FG1801,SELL,OPEN,1,1231,3
2017-03-31 15:00:00,A1805,A1805,SELL,OPEN,1,3936,2
2017-03-31 15:00:00,FG1706,FG1706,SELL,OPEN,1,1293,3
2017-03-31 15:00:00,A1707,A1707,SELL,OPEN,1,3820,2
2017-03-31 15:00:00,600257.XSHG,大湖股份,BUY,,1100,9.27,8.16
2017-03-31 15:00:00,300087.XSHE,荃银高科,BUY,,200,13,5
2017-03-31 15:00:00,FG1709,FG1709,SELL,OPEN,1,1281,3
2017-03-31 15:00:00,MA1803,MA1803,SELL,OPEN,1,2560,1.4
2017-04-05 15:00:00,002321.XSHE,华英农业,SELL,,200,10.08,7.02
2017-04-05 15:00:00,OI1705,OI1705,BUY,CLOSE,1,6056,2.5
2017-04-05 15:00:00,FG1705,FG1705,BUY,CLOSE,1,1299,3
2017-04-05 15:00:00,002447.XSHE,壹桥股份,SELL,,200,10.51,7.1
2017-04-05 15:00:00,P1708,P1708,BUY,CLOSE,1,5490,2.5
2017-04-05 15:00:00,600354.XSHG,敦煌种业,SELL,,400,7.95,8.18
2017-04-05 15:00:00,M1707,--,BUY,CLOSE,1,2776,1.5
2017-04-05 15:00:00,600540.XSHG,新赛股份,SELL,,200,9.09,6.82
2017-04-05 15:00:00,WH1705,WH1705,BUY,CLOSE,1,3222,2.5
2017-04-05 15:00:00,002234.XSHE,民和股份,SELL,,600,17.46,18.86
2017-04-05 15:00:00,CF1801,CF1801,BUY,CLOSE,1,15765,4.3
2017-04-05 15:00:00,000735.XSHE,罗牛山,SELL,,1300,7.03,16.45
2017-04-05 15:00:00,300189.XSHE,神农基因,SELL,,1200,4.77,10.72
2017-04-05 15:00:00,RM1801,RM1801,BUY,CLOSE,1,2198,1.5
2017-04-05 15:00:00,300313.XSHE,天山生物,SELL,,300,19.97,10.99
2017-04-05 15:00:00,P1801,P1801,BUY,CLOSE,1,5316,2.5
2017-04-05 15:00:00,Y1801,Y1801,BUY,CLOSE,1,6202,2.5
2017-04-05 15:00:00,M1711,--,BUY,CLOSE,1,2783,1.5
2017-04-05 15:00:00,OI1709,OI1709,BUY,CLOSE,1,6366,2.5
2017-04-05 15:00:00,002041.XSHE,登海种业,SELL,,200,15.3,8.06
2017-04-05 15:00:00,OI1801,OI1801,BUY,CLOSE,1,6554,2.5
2017-04-05 15:00:00,A1709,A1709,BUY,CLOSE,1,3802,2
2017-04-05 15:00:00,CF1705,CF1705,BUY,CLOSE,1,14910,4.3
2017-04-05 15:00:00,A1805,A1805,BUY,CLOSE,1,3962,2
2017-04-05 15:00:00,Y1709,Y1709,BUY,CLOSE,1,6040,2.5
2017-04-05 15:00:00,A1707,A1707,BUY,CLOSE,1,3781,2
2017-04-05 15:00:00,Y1705,Y1705,BUY,CLOSE,1,5934,2.5
2017-04-05 15:00:00,000713.XSHE,丰乐种业,SELL,,500,10.38,10.19
2017-04-05 15:00:00,CF1707,CF1707,BUY,CLOSE,1,15115,4.3
2017-04-05 15:00:00,600257.XSHG,大湖股份,SELL,,1700,9.39,28.73
2017-04-05 15:00:00,JD1706,JD1706,BUY,CLOSE,1,3117,4.68
2017-04-05 15:00:00,600965.XSHG,福成股份,SELL,,200,14.03,7.81
2017-04-05 15:00:00,MA1801,MA1801,SELL,OPEN,1,2608,1.4
2017-04-05 15:00:00,300498.XSHE,温氏股份,BUY,,100,33.17,5
2017-04-05 15:00:00,MA1709,MA1709,SELL,OPEN,1,2634,1.4
2017-04-05 15:00:00,P1705,P1705,SELL,OPEN,1,5772,2.5
2017-04-05 15:00:00,600313.XSHG,农发种业,BUY,,800,6.05,5
2017-04-05 15:00:00,600467.XSHG,好当家,BUY,,400,4.15,5
2017-04-05 15:00:00,600975.XSHG,新五丰,BUY,,200,8.38,5
2017-04-06 15:00:00,MA1801,MA1801,BUY,CLOSE,1,2611,1.4
2017-04-06 15:00:00,FG1705,FG1705,BUY,CLOSE,1,1303,3
2017-04-06 15:00:00,P1709,P1709,BUY,CLOSE,1,5416,2.5
2017-04-06 15:00:00,MA1710,MA1710,BUY,CLOSE,1,2621,1.4
2017-04-06 15:00:00,MA1709,MA1709,BUY,CLOSE,1,2639,1.4
2017-04-06 15:00:00,P1705,P1705,BUY,CLOSE,1,5788,2.5
2017-04-06 15:00:00,002234.XSHE,民和股份,SELL,,200,18.13,8.63
2017-04-06 15:00:00,600313.XSHG,农发种业,SELL,,800,6.06,9.85
2017-04-06 15:00:00,300189.XSHE,神农基因,SELL,,400,4.77,6.91
2017-04-06 15:00:00,300094.XSHE,国联水产,SELL,,200,8.78,6.76
2017-04-06 15:00:00,600467.XSHG,好当家,SELL,,400,4.14,6.66
2017-04-06 15:00:00,MA1705,MA1705,BUY,CLOSE,1,2661,1.4
2017-04-06 15:00:00,600975.XSHG,新五丰,SELL,,200,8.43,6.69
2017-04-06 15:00:00,A1805,A1805,BUY,CLOSE,1,3931,2
2017-04-06 15:00:00,000713.XSHE,丰乐种业,SELL,,200,10.47,7.09
2017-04-06 15:00:00,600257.XSHG,大湖股份,SELL,,200,9.4,6.88
2017-04-06 15:00:00,300087.XSHE,荃银高科,SELL,,200,13.39,7.68
2017-04-06 15:00:00,300106.XSHE,西部牧业,BUY,,100,15.14,5
2017-04-06 15:00:00,C1705,--,SELL,OPEN,1,1634,1.2
2017-04-06 15:00:00,SR1807,SR1807,SELL,OPEN,1,6829,3
2017-04-06 15:00:00,SR1801,SR1801,SELL,OPEN,1,6800,3
2017-04-06 15:00:00,600097.XSHG,开创国际,BUY,,100,18.99,5
2017-04-06 15:00:00,SR1805,SR1805,SELL,OPEN,1,6804,3
2017-04-06 15:00:00,600506.XSHG,香梨股份,BUY,,200,22.04,5
2017-04-06 15:00:00,B1709,--,SELL,OPEN,1,3890,2
2017-04-06 15:00:00,002041.XSHE,登海种业,BUY,,100,15.21,5
2017-04-06 15:00:00,P1711,P1711,SELL,OPEN,1,5426,2.5
2017-04-07 15:00:00,C1705,--,BUY,CLOSE,1,1620,1.2
2017-04-07 15:00:00,SR1807,SR1807,BUY,CLOSE,1,6788,3
2017-04-07 15:00:00,SR1801,SR1801,BUY,CLOSE,1,6810,3
2017-04-07 15:00:00,SR1805,SR1805,BUY,CLOSE,1,6803,3
2017-04-07 15:00:00,600506.XSHG,香梨股份,SELL,,300,22.02,11.89
2017-04-07 15:00:00,FG1801,FG1801,BUY,CLOSE,1,1226,3
2017-04-07 15:00:00,P1711,P1711,BUY,CLOSE,1,5404,2.5
2017-04-07 15:00:00,FG1709,FG1709,BUY,CLOSE,1,1272,3
2017-04-07 15:00:00,002679.XSHE,福建金森,BUY,,200,33.2,5.31
2017-04-07 15:00:00,600354.XSHG,敦煌种业,BUY,,800,7.9,5.06
2017-04-07 15:00:00,002696.XSHE,百洋股份,BUY,,100,23.95,5
2017-04-07 15:00:00,P1705,P1705,SELL,OPEN,1,5756,2.5
2017-04-07 15:00:00,300511.XSHE,雪榕生物,BUY,,200,38.82,6.21
2017-04-07 15:00:00,JD1803,JD1803,SELL,OPEN,1,3620,5.43
2017-04-07 15:00:00,600371.XSHG,万向德农,BUY,,200,15.24,5
2017-04-07 15:00:00,CF1803,CF1803,SELL,OPEN,1,16155,4.3
2017-04-07 15:00:00,300189.XSHE,神农基因,BUY,,2400,4.73,9.08
2017-04-07 15:00:00,600467.XSHG,好当家,BUY,,2500,4.14,8.28
2017-04-07 15:00:00,MA1705,MA1705,SELL,OPEN,1,2684,1.4
2017-04-07 15:00:00,002041.XSHE,登海种业,BUY,,100,15.33,5
2017-04-07 15:00:00,600975.XSHG,新五丰,BUY,,1300,8.35,8.68
2017-04-07 15:00:00,002746.XSHE,仙坛股份,BUY,,100,43.62,5
2017-04-07 15:00:00,600598.XSHG,北大荒,BUY,,900,11.39,8.2
2017-04-07 15:00:00,002772.XSHE,众兴菌业,BUY,,200,17.43,5
2017-04-07 15:00:00,000592.XSHE,平潭发展,BUY,,800,6.65,5
2017-04-07 15:00:00,601118.XSHG,海南橡胶,BUY,,2700,6.9,14.9
2017-04-07 15:00:00,000713.XSHE,丰乐种业,BUY,,200,10.48,5
2017-04-07 15:00:00,600257.XSHG,大湖股份,BUY,,300,9.39,5
2017-04-07 15:00:00,300087.XSHE,荃银高科,BUY,,200,13.28,5