,date,300106.XSHE,002321.XSHE,600265.XSHG,300498.XSHE,600540.XSHG,000998.XSHE,600097.XSHG,600313.XSHG,300143.XSHE,600467.XSHG,600975.XSHG,002069.XSHE,002772.XSHE,002086.XSHE,601118.XSHG,000713.XSHE,300087.XSHE,600965.XSHG,002447.XSHE,300313.XSHE,600354.XSHG,002234.XSHE,000735.XSHE,600371.XSHG,002200.XSHE,002458.XSHE,600108.XSHG,002746.XSHE,000592.XSHE,300094.XSHE,600257.XSHG,002477.XSHE,000798.XSHE,002041.XSHE,600598.XSHG,002679.XSHE,300189.XSHE,600359.XSHG,600506.XSHG,000711.XSHE,002714.XSHE,300511.XSHE,002696.XSHE
0,1/5/2017,0.00239521072595,-0.0116750315805,-0.0153343640001,-0.00222965532727,0.00843886864586,-0.0133365968447,0.00131665588475,-0.00444774639824,0.00510391191818,-0.00426439878646,0.0306369694619,-0.00179533261867,-0.00526866275268,-0.00246204473978,0.00138026246896,0.01511363781,0.0206344830391,0.0216458667747,-0.0109726786695,-0.0165463961144,-0.0159154553059,-0.0117968700208,0.0172991672628,0.00476191376024,-0.0104102543317,-0.00347222571075,-0.00677968698538,-0.0163774381529,0.015770936193,-0.00576370471675,-0.00729930248161,0.00392157365318,0.0148150857851,-0.00717583807007,-0.00231928979109,-0.021006023693,0.0,0.00616651491566,0.0137668253981,0.0,-0.00380469704366,-0.016762989712,-0.00825768523898
1,1/6/2017,-0.0102195058335,-0.000903750626357,-0.00823310540381,0.0146796708922,-0.0132932471107,-0.0163364193197,0.0212635479359,0.00592594326755,-0.0216880399337,0.014846508117,-0.0152011613321,-0.0135687292061,-0.0145220415377,0.00246204473978,-0.00831029713363,-0.0066889881508,-0.011001211062,-0.0100431260222,-0.00402010591667,-0.0328593420972,0.00320341971754,-0.0244872480105,-0.0159577854386,-0.0149569046118,0.00875187915889,-0.00698083114134,0.00169923575296,-0.0402683821857,-0.0114450462459,-0.00579711768433,0.0109290705322,-0.00785858661252,-0.0131580845775,0.0137933221323,0.0038624999739,-0.0628383414517,0.0,0.00204708362172,-0.104124748884,0.0,0.00253807242847,-0.0295567655837,-0.0079084699387
2,1/9/2017,0.00361882180213,0.0036101122241,0.0069708774041,-0.014958727682,0.0228512649168,-0.0501793639549,-0.0107922480686,-0.011887212784,-0.0179982361226,-0.00210748233956,0.00545555090154,0.00181983671699,0.0202713579886,0.0,0.0206476708935,0.00918586834938,-0.0111235852187,-0.00288808865007,0.0394918050745,-0.00323799527378,0.015864954648,-0.0420310194525,0.00401338331346,0.0078055034542,0.00165837517278,-0.0648109847946,0.0118144834138,0.00418410652257,0.0171188203318,0.015003166592,-0.00544960476756,-0.00197433430372,0.00742271449277,0.0171030325879,0.0122606899864,-0.000807645756649,0.0,0.0222456089473,0.00141043746936,0.0,-0.0093379286336,0.00376884868223,0.0178095409214
3,1/10/2017,0.025558597776,-0.0218587938125,0.0144203125772,-0.00812670859036,-0.00715993512209,0.0,-0.011787955752,-0.0105185041912,0.0135289549403,-0.0213227694688,-0.0175635689387,0.0117488924891,0.0222071363187,0.0,0.0,-0.0150756624054,-0.000745990336721,-0.00944431284259,-0.010705698356,0.0150217416958,-0.0169316214158,-0.0598017897039,-0.0256944493748,0.00119545740477,-0.0133446517422,-0.0729826682628,-0.0101181301656,-0.0247291477045,-0.00141542840333,0.00571103779551,-0.00547946576463,-0.00594649918773,0.00573537008474,-0.0278146881829,-0.0215558769735,0.0952367251075,0.0,-0.00200200267067,0.0122572012593,0.0,0.0160747962184,-0.00355909514187,0.0
4,1/11/2017,-0.025558597776,-0.0261208880756,0.0114499162079,-0.00168966528513,-0.0316328077924,-0.00446318618399,-0.00307895558829,0.00452148471885,0.00780818244781,-0.0350913198113,0.011013327178,-0.00179856163591,-0.0202964208516,0.0,-0.0178698913296,-0.0256424306133,-0.0318449956809,0.000729660740144,-0.0257695131791,-0.0291754891339,-0.0369607288214,-0.0135559948677,-0.00687287928776,-0.00839836969883,-0.00927885189559,-0.0247596165101,-0.0222802703917,-0.0201022655922,-0.00853490244984,0.00227531383714,-0.0129034048359,-0.00199005040801,-0.0290115663815,-0.0265019407455,-0.0260164456693,0.0193992504503,0.0,0.00100150233709,-0.0228842938336,0.0,-0.0135194285587,-0.0376112707458,0.0
5,1/12/2017,-0.0280848739565,-0.0133208439757,-0.0325231917056,0.0117681380529,0.00123533060799,-0.0272057081292,-0.01957357864,-0.0258963443036,0.00111049428403,-0.0112234623698,-0.011013327178,-0.0181658038066,-0.0148971258011,0.0,0.0192313619279,0.000865426276429,-0.00851068966791,-0.040183977819,-0.010090902982,-0.0244185273481,-0.022397352813,0.00523561405394,0.0,-0.00362100576695,-0.0283646003303,-0.0204690581031,-0.0210165353617,0.00435730536896,0.0,-0.0382212128202,-0.0368487603697,-0.00800004266708,-0.0135480480373,-0.020750944105,-0.0299981958854,0.0152529172553,0.0,0.0,-0.0605578505414,0.0,-0.00811450106969,-0.0224629572631,0.0
6,1/13/2017,-0.0295340347464,-0.0321195494221,-0.00990265239667,-0.0288236964535,-0.0174350618221,0.00509425452174,0.000449135421877,0.00461894585629,0.00147874333785,-0.0182237389565,-0.0246649274808,-0.0194360583771,-0.0170864596256,0.0,-0.0303890787985,-0.0113093854375,-0.000777302798562,-0.0122232232308,-0.00203045755038,0.0249666227305,-0.0263928113564,-0.003138077889,-0.0152886925151,-0.0220057779652,-0.014932205423,-0.0295237520321,-0.00710482562374,-0.0365286877335,-0.0512932943876,-0.0385125814112,-0.0106435450841,-0.00402415029973,0.0244222664417,-0.0129871955268,0.00656277991252,-0.0529378266895,0.0,-0.0212451086137,-0.00417062215908,0.0,-0.00774863971676,-0.0660541457312,0.0
7,1/16/2017,0.00063755182268,-0.0548918275675,-0.038283752559,0.00286287054968,-0.0729489996462,-0.00918842605441,-0.0222483637645,-0.0536406183032,-0.0441831349207,-0.0398645985639,-0.0358212764518,-0.0400434814408,-0.0677238200827,0.0,0.00837993730675,-0.0557698461556,-0.0428977607041,-0.0272708758084,-0.0672522270092,-0.0911544432898,-0.0537442760067,-0.0460960490471,-0.0443881027688,-0.0301151992761,-0.0151585604308,-0.0420260885851,-0.0326115855888,-0.0475620572712,-0.0781647728493,-0.0185763855729,-0.0488388034846,-0.034875329314,-0.0742359721539,-0.0203583372299,0.0138045229119,-0.105360515658,0.0,0.0,-0.0716559889064,0.0,-0.0104258112053,-0.0828024803046,0.0
8,1/17/2017,-0.000637551822679,-0.00734140685837,0.0221021697078,0.00342466088136,0.0107527917763,0.018796590994,0.00320880403678,0.00967749488207,-0.0539385294227,0.0166077363997,0.00352319800732,0.00871676221442,0.00105396132344,0.0,0.0124396904756,0.00645460977668,0.0192932029347,0.00157853229305,-0.0021762794226,0.037695864765,0.0170320418944,0.0163224516067,0.00729397836255,-0.00255102179161,0.0120564085968,0.0234429340361,0.00550965581097,0.0189723456253,0.00486618965117,0.00249688019859,0.0212236364516,0.00208550649102,0.0386691411592,0.0279546841218,-0.00404040953701,0.00110772650485,0.0,0.0,0.0165962117234,0.0,0.00435730536896,0.0297921460722,0.0
9,1/18/2017,-0.0383537421425,-0.0116465053863,0.0084470937618,-0.00571430126344,0.00133600554274,-0.0116427536374,0.0131850057389,0.00480385231265,-0.0222506089348,0.00703402665738,-0.00705885283962,-0.00483326218802,-0.0026396427959,0.0,0.0297721583337,-0.000919540294679,-0.0299012175469,-0.00157853229305,0.0194180858571,0.0103508687237,0.0107979453468,-0.0229267684019,0.0,0.000638365805272,0.0210811496031,-0.0140743063965,0.00365631120311,-0.027521435927,-0.0113914982861,0.0,0.000999500333083,-0.00836824967052,0.0953101798043,-0.0108696722369,0.029519494838,0.0126514338716,0.0,0.0,-0.0186391133532,0.0,0.0151027681858,-0.0295337147489,0.0
10,1/19/2017,-0.0495857091597,-0.00320000273067,0.00516296726093,-0.00258212738503,-0.00401338331346,-0.00203873668985,0.034623964566,0.00953902304676,-0.0100503358535,-0.0164903618994,-0.0082988028147,-0.00583092031079,0.0224411283566,0.0,-0.0202027073175,-0.0204468089777,-0.0207218355287,0.0180044002351,-0.0215991118035,0.00171477607037,-0.0156347141474,-0.00276472390648,-0.0175957618904,-0.00897441920733,-0.0100459460282,-0.00261438057407,0.0,0.013737781188,-0.00986850114075,-0.00750942202213,-0.0201823197499,-0.0126851595273,0.0278225055993,-0.00767968667423,0.00392311213247,-0.0415738485593,0.0,0.0,-0.0210795157911,0.0,0.00980191099432,-0.00440244139767,0.0
11,1/20/2017,0.00970208580645,0.00851068966791,0.0304302402161,0.0117094012447,0.0251502336228,0.010152371464,0.0104167608583,0.0110150602307,0.0387997491395,0.011806512587,0.014184634992,0.0164334292701,0.00103221933709,0.0,0.00135961951604,0.0250360781613,0.010828927145,0.00849754051044,0.0237335843321,0.00512675574635,0.0227691082613,0.0219066810859,0.0146845516829,0.0216568973777,0.0298400518439,0.0269339284334,0.0054595222049,0.021641333255,0.0196405658745,0.0161997312141,0.0121582044798,0.00847462699097,0.00228397510783,0.00713308922963,0.00780035156359,0.0130202801739,0.0,0.0,0.0437250447597,0.0,0.0113853222251,0.024863513269,0.0
12,1/23/2017,0.0143788851868,0.0302579160405,0.0117940535324,0.00226886087119,0.00651468102119,0.0115492119772,0.0132963571581,0.00312500254314,0.00404040953701,0.00701757265865,0.0139862419747,0.0095420571332,0.00616588811837,-0.0582197290054,0.00677050656721,0.00729930248161,0.00660613467712,0.00230503367522,-0.00749067172916,0.0252467827348,0.0117786991926,0.004324331063,0.0130342178389,0.037716989943,-0.00684055681527,0.00689282612943,0.0162019745763,0.00252902767283,0.00646205802809,0.0387927429145,0.0130066866145,0.00421053253634,0.00908408972034,0.00979333180837,0.00387747674642,0.00588814262522,0.0,0.0,0.00836158564725,0.0,-0.0042016868537,0.0128287509621,0.0
13,1/24/2017,-0.00682130885074,0.00102722145653,0.020461853002,-0.0108232329678,0.00776200533549,-0.00701405681185,-0.00213265169336,-0.00940445802798,-0.000403307123837,-0.0093677500036,0.0137933221323,-0.00666986750911,-0.0149712875793,-0.0299846096527,0.0253178079843,0.00634347392217,0.00246609249519,0.00688339237919,0.00107353740852,0.00772630775114,-0.00469484430421,-0.0491947767584,0.0,0.00423857734175,-0.00559261513606,-0.0260040288816,-0.00357782134788,-0.0166709116712,0.0016090108057,-0.00238095350574,-0.00498257134446,0.0,-0.0399745767397,0.0177090756248,-0.000774293495905,0.0116732843047,0.0,0.0,-0.0200246979473,0.0,0.017943314706,-0.0153636065653,0.0
14,1/25/2017,0.0415609411445,0.0102145934097,0.00482509983176,0.0105399067158,-0.00516797015844,0.00501505564643,0.0177744840276,-0.00473560474583,0.019177575353,0.00469484430421,-0.00572411408389,0.00761908447644,0.00311756925636,0.0238843728705,-0.0105821093305,-0.0302636576398,0.00980400009662,0.00985976891629,0.00107238616175,-0.00938974034984,-0.0154122789949,0.00395816179763,0.00143781476963,-0.0158346792091,-0.000863185206811,0.014733231513,0.0,0.0382503975449,0.00321027563025,0.044296285905,0.00299252093645,0.00209863665692,-0.0142182490023,-0.00159701923749,-0.0101207559092,0.000828614879616,0.0,0.0,-0.00283573210079,0.0,-0.00206996554971,0.0188566240889,0.0
15,1/26/2017,0.00784830712614,0.0,0.0435619198049,0.00649628043679,-0.0739087094252,0.012428695907,-0.0323984005573,0.00473560474583,0.00827590930386,0.00233918235317,0.0022935789871,0.0252940885379,0.00310268245488,0.0087032751283,0.0171395098767,-0.00935460516722,0.00970881412696,0.0149815536156,0.0117209652982,-0.0167883070033,0.00832842410648,0.00730956304871,0.00573067470899,0.0030646668179,0.0111637054648,0.00364963908755,0.00536194314139,0.0171553722757,0.0284379353205,0.02366307593,0.025566780972,0.0104276231623,0.000795228670138,-0.000532907020339,0.0116687438344,-0.0217703267184,0.0,0.0,-0.031316939151,0.0,-0.00707010638969,-0.0165749650942,0.0
16,2/3/2017,-0.00195630972076,-0.00713924500947,0.0398076553674,-0.0104712998673,-0.00279329790561,0.00246730941846,0.0103449198424,0.00157356444743,-0.00393236841772,0.00233372334622,-0.00920604890772,0.00829115758398,0.00258514774965,-0.00521287018853,-0.0184701820624,0.000939408241936,-0.0170527883827,-0.0119672333227,-0.0170944333593,-0.0147813947655,0.00708385488841,-0.00168208618298,-0.0086083745366,-0.0030646668179,0.0186130585002,-0.00621233498028,0.0,-0.0176049115055,-0.0188684843044,-0.0145824232943,-0.00486618965117,-0.00207684394484,0.00791769773679,0.00902102164315,0.00847136371474,0.00870914340314,0.0,0.0,0.0272518929028,0.0,-0.0151390612157,-0.0112045990129,0.0
17,2/6/2017,0.0149014743128,0.0172505546138,-0.0209768564279,0.00425834568258,0.0138891121607,-0.00940833877269,0.0029972191138,0.0186921330122,0.0548134899616,0.016185324421,0.0171924005404,0.0100411614995,0.0264502075135,-0.011388646964,-0.00802143338458,0.0167601688575,0.00896866998276,0.016418279247,0.0181531947075,0.0304592074847,0.0392207131533,0.028217639809,0.0128849313039,0.0260541850426,0.0358136648636,0.0260506771999,0.0,0.0340364346649,0.00947874395454,0.00675678246288,0.0135660995267,0.0185381209989,0.014873072599,0.035801488916,-0.0185763855729,0.0232247098911,0.0,0.0,0.025735236124,0.0,0.00759817923107,0.0272813079931,0.0
18,2/7/2017,-0.0103426907745,0.00401606965489,0.00366765822336,-0.00967841315192,0.0272125635249,-0.0160484888705,0.0394015761993,-0.00774597211466,0.0254110524247,-0.00459770924863,0.00227014853454,-0.00912415088961,-0.00654979381875,-0.0367919469336,0.00802143338458,-0.00462749553205,-0.00978800636616,-0.0149145195651,-0.00211864486029,-0.00724842872483,0.0212654907793,-0.0060191700198,-0.00713778904829,-0.0114286958236,-0.00202388249614,0.00214056449911,-0.0143629040004,-0.000434688118125,-0.00630916919326,-0.0181205411132,0.0,-0.00819676720418,0.00310318325052,0.00508389503727,-0.011787955752,0.0477615115484,0.0,0.0,0.00633163967267,0.0,0.00795815718366,-0.00951434317848,0.0
19,2/8/2017,0.0256588804168,-0.00401606965489,0.0186921330122,0.000571918803121,0.0106810094203,0.00353268093863,0.0951980784646,-0.00155642054766,0.00652412607694,0.0,-0.00340715832161,-0.00183486290011,0.00151842580129,-0.000914494805388,0.0,0.00923367594695,-0.00493016610786,0.00748506488657,0.0178670018284,0.00724842872483,-0.00555248511479,0.000548696858759,0.0,0.00181323712418,0.0016194335523,-0.0042857208455,0.00180668522495,-0.00304811905934,0.00630916919326,0.0414161037167,0.000962001036191,0.0,-0.00855703393298,-0.0148150857851,0.00157977915952,-0.0125853784912,0.0,0.0,-0.00593473551981,0.0,-0.00711746776886,0.0181981838789,0.0
20,2/9/2017,0.0163320213085,0.00100553050202,0.0,0.000857265376118,0.0158106060266,0.00301811094291,0.0954460586006,-0.00468384931243,0.00576370471675,0.00459770924863,0.00454030291878,0.000917852290229,0.00603561977036,0.0,-0.00400267378966,0.00275355841718,0.0171502774426,0.00446429312869,0.0144780191807,0.0284794713219,-0.00446429312869,0.0227775573993,0.00855925339567,0.00120700075004,0.00282771345761,0.00926262411525,0.00898478640782,0.00174291983119,0.0171477311608,0.00873367996875,0.000961076479551,0.0,0.0360606774185,-0.00567743460498,0.000788954676032,0.00683673449171,0.0,0.0,0.0316370849432,0.0,0.00251783599234,0.0137391758833,0.0
21,2/10/2017,0.0012453301734,-0.00100553050202,-0.0513223891054,0.00256739550525,0.0129871955268,-0.0106034823322,-0.105209560868,-0.0110150602307,-0.0122878307937,0.00913248356327,0.00226244440397,-0.0018365478073,-0.0095737189898,-0.00734622220198,0.0263867551732,0.00091617047178,-0.0138608007922,-0.0134531176971,0.00409836639228,0.016600113451,-0.0157838677013,0.000536049329373,0.00425230973853,-0.00302023787422,-0.0109512349791,-0.0142859572475,0.0124446050481,-0.0228984025127,0.0168586368244,0.00325556445977,-0.00288600488913,0.00410678195265,-0.0267293499897,-0.00414938354681,-0.000788954676032,-0.0322221991859,0.0,0.0,0.00613263708149,0.0,0.00917820377085,-0.0229215210806,0.0
22,2/13/2017,-0.00812250638735,0.012993686062,0.00724745888632,0.00199231601407,-0.00907329620567,0.00859242081978,-0.104941316322,0.00473560474583,0.0018165309264,0.00227014853454,0.00787848757208,0.00366972888896,0.00353809921944,-0.000922083974968,0.00260078170006,0.0,0.00736199644107,0.000752162502554,-0.00512558784881,0.0390572944333,0.0112995552539,0.0,0.00423430413879,-0.000605143740101,0.0313152846655,-0.0036036075033,0.0,0.00222469502211,-0.00609757986812,0.0235556929909,0.00192492840958,0.00612872194137,0.0015467907183,0.00259538168008,-0.00316205797065,0.0174384030016,0.0,0.0,-0.00844210693016,0.0,0.0152485954803,0.0190152661135,0.0
23,2/14/2017,-0.0151709610078,-0.00697561373643,0.0106307566315,-0.0163397644222,0.0103627870355,-0.00100704943053,0.000419023680969,0.00314465667947,-0.00436523064941,0.0290523225945,0.00781690189161,-0.00091617047178,-0.0106520750085,0.010096460251,0.0531098253139,0.00456830397038,0.0145633641879,-0.0113422766039,-0.0155363042151,0.0126873054293,0.0122837948822,-0.0107759663445,0.0139862419747,-0.00668086299083,-0.00833503535514,-0.00506696704784,0.00879513145283,-0.00490087859971,0.00761618304531,0.0188684843044,-0.00385356931599,-0.00203873668985,-0.011659673482,-0.0198959442473,0.00237248035363,-0.0139263096982,0.0,0.0,-0.00347423626819,0.0,-0.0102775827582,-0.00465858388185,0.0
24,2/15/2017,-0.001274697432,-0.00400802139754,0.0392317052445,-0.0136769191451,0.0191454475844,-0.0162522622446,-0.0371282244216,-0.023829562833,-0.0102602585696,-0.0222726356091,-0.0236364408365,-0.0101336657148,-0.00819345351703,-0.0119431828442,-0.0211582255073,-0.00640148505204,-0.00644643650632,0.0,-0.0232323014933,0.0302978228038,-0.0156602752988,-0.0313643315541,0.0,-0.0110295235755,0.00793970030354,-0.0242391595377,-0.0158873597623,-0.0148484167853,0.0135646390341,-0.0178108427462,-0.0165453895967,-0.00408998525153,-0.0455896618473,-0.0382692885876,-0.0223651494596,-0.0340131525909,0.0,0.0,-0.0358235511462,0.0,-0.00580192261611,0.0953325214301,0.0
25,2/16/2017,0.0202027073175,0.00200601872687,0.0244311825667,0.00263350554543,0.095195243881,0.00612559342668,-0.0255407982851,0.00321027563025,0.0240186218659,0.00224971973402,0.00227531383714,0.0110498361866,-0.00981609987496,-0.0120875483814,-0.00884402479645,0.00366300775874,-0.00405022829902,0.00757579380846,-0.00643089033029,-0.0237634944522,0.0245001118679,-0.00954795234369,0.0,0.00736651581676,0.00826939148251,-0.0138501184581,0.0123785842326,-0.0159930299352,0.030953097477,-0.00317628641842,-0.00196463717416,0.00612872194137,0.00245198324729,0.0152674721308,0.00161420535454,0.00528733665327,0.0,0.0,-0.00966580219701,0.0,0.00745345065458,-0.0139484826151,0.0
26,2/17/2017,-0.0408219945203,-0.0100705785636,-0.00672678441275,-0.0102806016344,-0.0256125758567,-0.00920251893116,-0.0107624357218,-0.00321027563025,-0.00215982805343,-0.0112995552539,-0.0137301928119,-0.00735297430526,-0.00312242830079,0.0018691594227,-0.0322400585734,-0.0156613058255,-0.00733200840629,0.00601958175839,0.00749869609112,-0.0403837138258,-0.016639319004,-0.0205252359447,0.0,-0.016029936339,-0.0347132400319,-0.00832707309745,-0.019521471745,-0.0452267372135,-0.0116789648641,-0.00318640736941,0.00196463717416,-0.00408163831965,-0.0222873443034,-0.0130720815674,-0.022014749655,-0.00808141502872,0.0,0.0,-0.017967000262,0.0,0.0012368585374,-0.0480315032262,0.0
27,2/20/2017,-0.0297345989429,0.0299124993626,-0.0326548427323,0.00852570209069,0.00587891169978,0.00563381771826,-0.0358000598944,0.00160642604827,0.00036029544616,0.0112995552539,0.0193959303476,0.00735297430526,0.00571442065653,-0.0103238833416,0.0156049980689,0.00463178225004,-0.00163666157647,0.040431820888,0.0010666667678,-0.0911456761281,0.0122291685264,-0.00693644399666,0.0,0.0111249602267,0.0386271393531,0.00227790531299,0.0106952891167,-0.00241254640538,0.0160236494682,0.0231345754017,0.00489477237673,0.0020429016298,0.0206533570118,-0.0176995770994,0.00984421403478,0.0130648140463,0.0,0.0,-0.00993796999013,0.0,0.0391890179345,-0.00883376879767,0.0
28,2/21/2017,0.0100100935951,0.0954887671787,-0.0022340137747,0.0142423567155,-0.0117925894898,0.00763168293216,0.00512702125183,-0.00644124610286,0.00143988505799,0.00671895024875,0.00450959050598,0.0181493185057,0.00619454235485,-0.000943841504706,-0.00907329620567,0.0110295235755,0.00571663459638,-0.00433213673913,0.00743497848752,0.0320522236747,0.00330943490137,0.0420277638079,0.0,0.00490497611232,0.0189597476631,0.0596203031622,0.00706716722309,0.0217425839007,-0.00434468460401,-0.0104494158743,0.00971824946892,0.014184634992,0.00163398729165,0.0127531531641,0.00732008148651,0.00110405752313,0.0,0.0,0.0136393930933,0.0,0.0430382373144,0.018767625322,0.0
29,2/22/2017,0.0203753351788,0.00977351182698,-0.0295056865149,-0.0121952730938,-0.0203721844809,0.0,-0.00093023262522,-0.00161681522691,0.0199436809673,0.00222965532727,0.00448934536259,0.0017969456767,0.00359627119846,0.0187096196567,0.0051948168771,0.00364963908755,0.00162733965938,0.0228908421289,-0.00424178790836,0.0235176274801,0.00110071557619,0.0504308536269,0.0,0.00731264684629,-0.00230238014216,0.0650073287007,0.00175901540518,0.0364351706751,0.0186921330122,-0.00315623618144,-0.00193610902687,0.0,0.00325998658721,0.0125925562167,0.00485045413375,-0.00497788638524,0.0,0.0,-0.00741659765505,0.0,-0.000759301479153,-0.00353648842,0.0
30,2/23/2017,0.0084224663747,-0.0106667678042,0.00172612240787,0.000292098731448,-0.023271105251,0.00807677283136,-0.025926505212,-0.00975617494536,-0.00530317665002,-0.00894860557601,-0.00899893586857,-0.00449843313686,0.00511373227618,-0.00837603780218,-0.0315815720503,0.0,0.00405680069561,-0.00709726187076,0.00106213499098,0.0,-0.0144046812025,-0.0257111109886,0.00554018037562,-0.0103754363768,-0.0197872605299,-0.023028447362,-0.00528635592315,-0.0126133996552,-0.010021558461,-0.0234552330441,-0.00973717527786,-0.00403226352794,-0.0222139944709,-0.00545555090154,-0.00972454989199,0.0268068568266,0.0,0.0,0.0180332755697,0.0,-0.0053313149886,0.0122067243387,0.0
31,2/24/2017,0.00193361323539,0.0,-0.00143822835089,0.00408044868116,0.0171994411825,0.00451468035453,0.00476418242712,0.0178142362751,-0.00818655577657,0.0111733005981,0.0190268750547,0.00360036392518,0.00762699099583,-0.00938974034984,-0.013459153374,0.00544960476756,0.00886745028532,0.00355492731292,0.0313505298841,0.0313939056534,0.00334262149669,0.0951621887822,-0.0111112254251,0.0,-0.00274671548006,0.0953413232354,-0.00176834705674,0.0684542234804,-0.0130342178389,0.00323102058145,-0.00195886448533,0.00403226352794,0.0238400110893,0.0146622230274,0.00244001747737,-0.0171502774426,0.0,0.0,-0.0102062531192,0.0,0.00722848876955,0.00743843504123,0.0
32,2/27/2017,-0.0103560796101,-0.00807541400555,-0.0221196445692,-0.00876429799359,-0.00366077284968,-0.0146208805694,0.0113422766039,0.00958473791299,-0.021677149377,-0.0224728558521,-0.0100279391861,-0.0081191244385,-0.00507989789016,0.00094295150787,-0.0122700925918,-0.011845241004,-0.0112995552539,-0.00998581764321,-0.0260567112744,0.00261574828715,-0.0385535275397,0.0190575032276,-0.0154823641484,0.00183879916966,-0.0138478968588,0.0408842784728,-0.0160574368959,-0.0134521447078,-0.0043827681551,0.00749869609112,0.0,0.0,-0.0130827704098,-0.00649001737171,-0.0172064875937,-0.0363473055325,0.0,0.0,-0.0041118478986,0.0,-0.0218441335586,-0.0224833826665,0.0
33,2/28/2017,-0.00456472915211,0.00090049533325,0.0201026434531,0.00175901540518,0.00244200365555,0.0025361413543,-0.00329489589685,-0.00478088560034,-0.00475929875105,-0.00227531383714,0.00335383209843,0.0197315818626,-0.0107447683479,0.000942063187901,0.00273972774112,0.00457248167489,0.00485830915108,0.000716589066852,-0.00529381860972,-0.0313105969714,0.00461361833351,-0.0175785776438,0.00565772371986,0.0115678611105,-0.00319234109897,-0.00991445705718,0.0,0.0,0.0043827681551,0.0242500022235,-0.000980873055592,-0.00808085205394,0.0,0.00162645739297,0.00412371718386,0.00369476049136,0.0337110573423,0.0,0.00534211256065,0.0,0.0104067233279,-0.00617725889208,0.0
34,3/1/2017,0.0058651194524,-0.0357344480089,-0.00202107763325,0.0026327351758,-0.00488998529419,0.00807269772511,0.00564176390667,-0.0128619136424,0.0156566096402,0.00227531383714,-0.00447428039492,0.0193497681799,-0.0041215792906,-0.00566573753568,0.0068166589791,0.0036429912785,-0.0040469500802,0.00286123228103,0.0,-0.0174012003629,-0.0080878546017,-0.0089065408162,-0.00141143283841,0.00543315553237,0.00319234109897,-0.000906207583538,0.0017969456767,-0.00657464564209,-0.0235999153409,0.00104112450841,0.000980873055592,0.00202634314523,0.00819676720418,0.00108283713883,0.0122700925918,0.0110030733443,-0.0261208880756,0.0,0.00122875297049,0.0,-0.00499712744655,0.00380590373768,0.0
35,3/2/2017,-0.00651892790982,0.000932400999951,0.0,-0.00380506825262,-0.00985229644301,-0.00503779402996,-0.0343381375809,0.0160517090105,-0.0112626076969,-0.0114286958236,-0.0124085066438,-0.00962808312898,-0.00725781885983,-0.0104712998673,-0.0136801039041,0.00543972329582,-0.00487805845343,-0.00716848947861,-0.00960007372902,0.011995781796,-0.00232288141614,-0.0185608538844,-0.0214140945038,-0.0194535010112,0.0208956942382,-0.0288186712499,-0.0144667984178,-0.0157343966295,-0.0257005831086,-0.00417101751734,-0.0108428859247,-0.00202634314523,-0.0181224070041,-0.0352459390617,-0.0106253553789,-0.00845313571106,-0.0307125866875,0.0,-0.0115275051711,0.0,0.00230946984866,-0.00978177905692,0.0
36,3/3/2017,-0.00130890071043,0.0473245720078,0.00259777891798,0.000879378629145,0.00739830748144,-0.00862292941212,-0.013187004282,-0.00638979809877,0.0,-0.00230149698828,-0.00797725028064,0.00526317004427,0.0139474304194,-0.0154294285649,0.00412371718386,-0.00543972329582,0.00649880435117,0.00143781476963,0.00214132844134,0.0198557636707,-0.00583092031079,0.0100756519887,0.0437613931958,0.00428790856065,-0.0109848103388,0.0233641122716,0.00906624523775,0.0290577344795,-0.00460476638675,0.00312989300893,-0.00297766969392,-0.00610378293802,-0.0176105180086,-0.0152502249529,0.0065520299913,-0.000283005520497,0.00389105549297,0.0,-0.00998759862835,0.0,-0.00927005479629,0.00549911726492,0.0
37,3/6/2017,0.0207395638391,0.000888494061115,-0.0259906584927,0.000878606001753,0.00122774723832,0.00305188436266,0.00881062968215,-0.00160384958197,0.0,0.00459770924863,0.00797725028064,0.0335515341712,0.00307604561374,0.0221056574636,0.00547196987799,0.00814852856391,0.014469705834,0.0269328823596,0.00533334597536,0.0298373350973,0.0116280379951,0.00100200409185,0.0177964998036,0.00730819330672,-0.00118413276122,-0.00487360087399,0.0036036075033,-0.000434027784591,0.0107116555949,0.0267230701408,0.00297766969392,0.0,0.00674538813953,0.00397614837964,0.00163132173208,0.00873614123155,0.00773698250215,0.0,0.0128819566547,0.0,0.0123410744844,0.0198306781805,0.0
38,3/7/2017,0.0133802569632,-0.00713015498459,-0.0167068325017,0.00408998525153,0.0266359572486,-0.000508001026927,-0.00488520756605,-0.0178142362751,0.0,0.00229095174656,0.00339943670146,-0.00934983436833,0.009166671109,0.0206968817712,0.00815221906155,-0.000902120043138,0.0103216478081,-0.0105449131766,0.00636269378783,0.0102617627019,-0.0092915883341,0.0459963660128,-0.0191786700306,0.0114631722814,-0.00952388151126,0.02204528354,-0.0036036075033,0.013582185727,0.00152091284071,-0.00304723445547,-0.00198412763505,0.0,0.00920123597441,0.00565292630279,-0.00982808893626,0.0103280750582,-0.00773698250215,0.0,0.0479640592071,0.0,0.016724069001,0.0104639950253,0.0
39,3/8/2017,-0.0185249628445,-0.0355066884569,0.00180342699915,-0.0043827681551,-0.01565354058,-0.00203458869779,-0.00934816155687,0.00488998529419,0.0,-0.00688866099519,-0.00909097170125,-0.000854335805916,-0.0178990423675,-0.000931532438111,-0.00542742173537,-0.000902934598592,-0.00713439411387,0.000706464176327,0.00632246573949,-0.014396135516,-0.00937873228643,-0.0159077830346,0.0178208965701,-0.00662054780559,-0.0274875834656,-0.0226561571082,-0.00542987759437,-0.00429185208154,0.0,-0.0215946694815,0.00297471711674,-0.0020429016298,-0.0117254274703,-0.0090600846244,-0.0140905770993,0.014063378066,-0.00779731046003,0.0585775381947,-0.0186698570802,0.0,-0.016340853821,-0.00812918191699,0.0
40,3/9/2017,-0.0103695031552,0.00646653523575,0.0208031276298,-0.0246047687182,0.0415983920748,-0.00203873668985,-0.0214847134792,-0.0213648224977,0.0,-0.020955365176,-0.0137933221323,-0.0120379785595,-0.00985173122725,0.0,-0.0220091414918,-0.0118129497267,0.0110760625992,-0.00779869248582,-0.00632246573949,0.00979136912928,-0.0238390311761,0.0,-0.00818558458644,0.0149837984634,-0.000820008246031,0.00972947778461,-0.0109490144897,-0.0250421360322,-0.0230602070877,-0.0295380124369,-0.0109508311868,-0.0102775827582,-0.00846028734939,-0.0212712820336,-0.0134455807094,-0.0277641376028,-0.00983292091624,-0.0283637595982,0.0111643902849,0.0,0.00420570300667,0.00279459893102,0.0
41,3/10/2017,-0.0058804481769,-0.0101805599321,0.00440206140064,0.00209863665692,-0.0128882861924,-0.014906469796,0.0115492119772,-0.0116960397632,0.0,-0.011834457647,0.0,0.0,0.00415801014866,-0.0131333970293,0.0,-0.00733948248805,-0.0150617195294,-0.00571022251088,-0.00849262004565,0.00102511541525,0.00120554565535,-0.0260905766533,-0.0221615718029,-0.0228650153713,-0.00782379943119,-0.0214075453508,-0.00921665510492,0.000881639907229,-0.00155642054766,-0.00321716095178,-0.00300752106396,-0.00206825306406,-0.00853247497372,-0.00934040649392,-0.00764334931257,-0.00451468035453,0.00197433430372,-0.0353393664453,-0.0115654330013,0.0,0.0117581479823,0.0209419688801,0.0
42,3/13/2017,0.00783293822119,-0.0102852706602,0.00554826945253,0.00537635703638,-0.0274972494572,0.00825172294369,-0.00249937645732,0.0,0.0,0.00947874395454,0.00461894585629,-0.00694447235281,-0.00051684848876,0.00282885620048,0.0,0.00459348533919,0.00239329990584,0.0128024508204,-0.0010666667678,0.00816331063916,-0.00241254640538,0.00149514107095,-0.00421053253634,-0.0122475505227,0.0192431731143,-0.0146351670249,0.00554018037562,0.0176879816193,-0.00155884676929,0.0117459972993,-0.00301659353943,0.00413223728491,0.0153064212827,-0.00588236990307,0.00170357792478,0.00338791967194,0.0,-0.0218190473946,-0.0288931594105,-0.105225555634,0.00301205046999,0.0501881519453,0.0
43,3/14/2017,0.00259740405769,-0.00188146809971,0.000873235392413,-0.00537635703638,-0.00729930248161,0.00256476160084,0.0114457581951,-0.00674538813953,0.0,-0.00236127618568,-0.00693644399666,-0.00699303549097,-0.00103972652544,-0.00756147270058,-0.00697839538146,-0.00735973883208,0.0110936161485,-0.00709222830949,-0.00106780576083,0.0141273792592,0.00961545869944,0.006453236592,-0.00422833610952,-0.00123304577892,0.00121580562089,0.00936628764222,-0.00739374902494,0.03362734381,0.017015105006,-0.0279889099022,-0.0010075567603,-0.00413223728491,0.00252844635336,0.00764035453396,-0.0068317942917,-0.00820720610788,0.00589972212719,0.00419287826004,-0.00621248632997,0.00849925308407,-0.00716848947861,-0.0274471066487,0.0
44,3/15/2017,-0.0117418178767,0.0103045408288,-0.0111177271537,0.00149633426094,-0.0122851667946,-0.00102511541525,-0.0054577163505,-0.00169348050633,0.0,-0.0047393453639,-0.00465117117573,0.0216928246113,-0.0533762718667,-0.00570886422032,-0.00702743580746,-0.00277392688273,0.00706716722309,-0.0100143898444,0.00320000273067,0.00599402394021,-0.00961545869944,-0.0174698727985,0.0,-0.0117903941074,0.0283508706674,-0.0213575957326,-0.00185701074721,-0.0109428701389,-0.0107942451309,0.0140923741397,-0.0152364552421,0.0,-0.0169783365344,-0.00646110911429,0.0,-0.0361676915274,-0.00589972212719,-0.0211424365738,-0.00332917494338,-0.0358392403142,0.0112953008128,-0.0175167290417,0.0
45,3/16/2017,0.0149791143265,-0.00186567218295,-0.00560556121905,0.00119545740477,0.0110634195443,0.00664454271867,0.0153051617567,0.00507186209796,0.0,0.0188240852456,0.0115876151724,0.00257179738837,-0.000546042720726,0.00760459938522,0.0209358658536,0.00738010729762,0.0,0.00573478274204,0.0,0.0143389354152,0.0131975520819,0.0159843563084,0.00983844900029,0.00993796999013,0.0132970281435,0.0269355463587,0.0110906866942,0.0115705508793,0.0153849188395,0.00107584733346,0.0111960457051,0.00824746943002,0.00852520082336,0.0052894628174,0.00598036810149,0.00909230490215,0.00393701295934,0.0106270925743,0.00498961534148,0.0,0.0174433816011,0.014395210342,0.0
46,3/17/2017,0.00193735934023,0.0157483569681,-0.00593473551981,-0.00749516325477,-0.00859428248733,0.0081177513261,-0.0143106315902,-0.0084674510991,0.0266778618659,-0.016451604892,-0.0092593254128,0.0186604227174,0.000546042720726,-0.00569802111464,-0.00554018037562,-0.00552996800946,0.0232028970797,-0.000715051871726,0.00742708984362,0.00636165590565,-0.0035820933825,-0.018505154215,-0.00280112227971,-0.00433571444146,-0.0132970281435,-0.00557795062605,-0.0110906866942,0.00895372978092,-0.0122889411344,-0.00323102058145,-0.0060913893934,-0.010320009032,0.00423549976685,-0.00883137915304,-0.0102740629762,-0.00409596827768,-0.00987174847915,0.0010565241342,0.00455204593187,0.0208316192109,0.0,-0.0329163754188,0.0
47,3/20/2017,0.0128206884291,-0.0120204868541,-0.0177155211041,0.0021043146199,0.00492005912545,0.00554297211597,0.0089065408162,0.00508906950747,0.00142196966726,0.00943403223336,0.00579711768433,0.0174931574475,-0.00991923193998,-0.0066889881508,0.0165293019512,0.00736651581676,0.0301227594551,0.0113799236628,0.0136485058316,-0.0236931122573,0.0107080142725,-0.0157723951408,0.0194450571192,0.00680485149838,0.0386148361278,-0.00905266054227,0.0,0.0344334720936,-0.00931683758023,0.00645163528149,0.0,0.00207253960197,0.0381472455876,0.00589624349728,0.0,-0.0180451575995,0.00198216120399,0.0125919816974,0.0,0.0163651641592,0.0279357908781,0.0103318563429,0.0
48,3/21/2017,0.0101395038524,0.0101805599321,0.00030289262688,0.00389630344561,0.00855228181532,0.0100000833346,0.00196850457267,0.00674538813953,0.00531445006349,0.00234466695925,-0.00463500250415,-0.009124907777,0.00110762631444,-0.00673403218134,-0.00547946576463,0.00457666702741,-0.00520640819057,0.00070696362082,-0.00104329691258,0.0158576167333,-0.00118413276122,-0.0317817840563,0.00137457066317,-0.00123380644893,0.00227014853454,-0.0816380005911,-0.0112150708201,-0.00743796775158,0.00777004686193,0.0170035977626,0.0221559918972,-0.00414938354681,0.0953841470369,0.00936226850161,-0.0025850940721,0.00743497848752,0.00197824001211,-0.01682479225,-0.0141374496005,0.028657823375,0.00499644151504,0.00159762672348,0.0
49,3/22/2017,-0.0178121757641,0.0128089582926,0.00844395849442,-0.00750641566971,-0.0110092855084,0.0153051617567,-0.0193602472845,-0.00843886864586,-0.010657294474,-0.00705055799667,-0.0105079775984,0.00332779009267,-0.00888994078917,0.00192864090641,-0.0124396904756,-0.00365965641753,-0.0022396425935,0.000706464176327,-0.0062827431795,-0.0213672725443,-0.0264120995398,0.00369881531346,0.0149968727515,-0.0142992800114,0.00226500663085,-0.0300488848847,-0.0151518050206,-0.00242424361151,0.00771013842597,-0.0213000597961,-0.0160646025038,-0.00835077921742,-0.0254695415405,-0.0182197223357,-0.008665565491,0.020238262241,-0.0139305735359,0.00211864486029,-0.0319108122811,-0.00361867045699,0.0200887812839,-0.00847365656518,0.0
50,3/23/2017,0.0114870439871,-0.0183491386682,-0.00120192322162,-0.0033207577686,0.0949746656257,0.0468985462726,-0.027440746155,0.0117945764928,-0.0408219945203,-0.00472814119595,-0.00588583217726,-0.0100167782435,-0.00279333715424,0.000962927373393,-0.00557881502704,0.00274599714886,0.0089286307443,0.0202733262929,-0.00738010729762,0.0104922271554,0.0216614967812,0.0125787822069,-0.00678889233369,-0.000626370205258,-0.0198026272962,0.0160003413464,0.0113853222251,0.0148567277888,-0.0123649179709,0.00429646203351,-0.0060913893934,0.0,-0.0370985356098,0.0280720187787,0.0164008855394,-0.00494834367301,0.00200200267067,0.0414567136783,0.0285551044341,0.041967914577,-0.0232979122248,0.0387960245852,0.0
51,3/24/2017,0.0,-0.0046403795565,0.021416642479,0.0129189118373,0.0177388243374,-0.00939415081411,-0.00983699363877,0.00334448472285,-0.00821820090439,-0.00237248035363,0.00117994113985,0.00167644632725,0.00447008432188,0.000962001036191,0.00279329790561,-0.0128796628637,0.00590843668617,-0.00764157938697,0.00422387111619,0.00644044832101,-0.0119761910467,0.00363920339254,0.0202299549027,-0.00502513620267,-0.0116055461203,0.000345006041028,0.00188501469577,-0.0138459119745,-0.00155642054766,-0.0162078102269,-0.00203873668985,0.00835077921742,-0.0118813278868,-0.00520382787503,0.0076759438721,-0.00849821964273,-0.00400802139754,-0.00305033281762,-0.0216614967812,0.00157828215551,-0.00465366868135,-0.00911218661898,0.0954594446751
52,3/27/2017,-0.0179262162682,-0.00466201310581,0.0,-0.00568778662543,-0.0623431305741,0.00470810662518,0.0139501099773,-0.0151390612157,0.00598356310297,-0.00237812240497,0.0,-0.00925542997416,-0.0549653738272,0.0152674721308,-0.0168780377874,-0.0196359745169,-0.00590843668617,-0.014752638475,0.0198232886666,-0.00992563979997,-0.00120554565535,-0.0429432533516,-0.0243255237674,0.0,-0.00977524890464,-0.0247961019052,0.0,-0.036210497946,0.00466201310581,-0.0332256476283,-0.0112879597739,-0.00625653761431,-0.00399202126954,-0.0665114806356,-0.00511074366256,0.0195256093921,-0.0121213605323,-0.0310262735631,-0.0103583144536,0.014724084393,0.00215053846323,-0.016659547837,-0.0497234353524
53,3/28/2017,0.0166563748277,-0.0255574724552,0.0,0.00149992528496,0.0958416706486,-0.00565239375861,-0.00565990705685,-0.00169635324818,-0.00560853965961,-0.00716848947861,0.0,0.0050590327124,0.0140257062083,-0.00094741835604,-0.00426439878646,0.00377003274054,-0.00445435034938,-0.0236316045333,0.0533057308881,-0.0100251466194,-0.00847976007911,-0.00652176224639,-0.011004237591,0.00314366810297,-0.00275428071029,0.00282486063555,0.0,0.00730615920915,-0.0124806612236,-0.00564654238821,0.0,-0.00419287826004,0.0166604408931,-0.0231912618669,0.00170648505576,-0.00840462851986,-0.00203458869779,0.0461857351705,0.0167781952662,-0.00155519569658,-0.00646553976464,-0.022266500094,0.0116960397632
54,3/29/2017,0.0288059992491,-0.0551864155673,0.0,-0.00842870733506,0.0638076483766,-0.00141810470468,-0.015076968725,-0.0102389973011,-0.0366593169161,0.0,-0.0118625353098,0.000840689414793,0.0409396676189,-0.00761183503963,-0.00142551699122,-0.014211513461,-0.0233356467803,-0.0444517625708,-0.0108322083294,-0.0286171802156,-0.0221411258772,-0.00109110758233,-0.00415801014866,-0.00566573753568,-0.018290768367,0.0143534758995,-0.00377358938364,-0.0650933061726,0.0293911333719,-0.0428058409977,-0.0124612204378,-0.00210305019678,-0.031165127096,-0.00955725656341,-0.0154642256976,-0.0271403088996,-0.010235503894,-0.00603623563185,-0.0180805614151,-0.0316486933142,-0.0123279298777,-0.0784384550946,-0.0673331200686
55,3/30/2017,0.0195605258545,0.00505306785139,0.0,-0.0106367816424,-0.0386226866229,-0.0162139937348,0.0041819193199,0.0386927997188,-0.0224198181157,-0.0291991546923,-0.022934016629,-0.0359320092261,-0.0288250586884,-0.00959700264101,-0.0143680632669,-0.0251220941173,-0.0122606899864,0.0082988028147,0.0147422817372,0.000518268993202,-0.0290241193393,-0.0578650595508,-0.0253178079843,-0.0511603951914,0.0210450490773,-0.0335779910682,-0.00949674753726,-0.058268908124,0.00607904607638,-0.0312150193479,-0.0318498258871,-0.0105821093305,-0.0388960905242,-0.0552772288915,-0.0280966682175,-0.00119688823385,-0.0334759291964,0.0952184408932,0.00216966889193,-0.00774605238356,0.0105245028786,-0.0396928306088,-0.0965547350365
56,3/31/2017,-0.0637317441676,0.00703167136368,0.0,0.00396402409603,-0.0967620104026,-0.00240674003056,-0.0301849763384,0.00329489589685,0.0602033622441,0.00492611833606,0.00122025640523,0.0,0.0199835368193,0.00768495616938,-0.00144822617636,0.0,0.00231035913318,-0.00451807997479,-0.000976085973055,0.0205135398331,0.00255754615112,-0.000578536319289,-0.010021558461,-0.0100167782435,0.00196270916785,0.00358809139887,-0.00191022025612,0.020955365176,0.0120483385162,0.0181273845926,0.0,0.00424629088145,-0.0059246893577,0.00607084495201,0.00444247731956,-0.00119832249211,0.0,-0.0498457669937,-0.0384407833074,-0.00292356935535,-0.0182154398913,0.0106536021277,0.0358782876649
57,4/5/2017,-0.022179643711,0.00896866998276,0.0,0.00938974034984,0.0369790032411,0.0167267938053,0.00589655956684,-0.00494642393533,0.00820593937032,0.0194653347881,0.0217137602238,0.00260983184237,0.0311655718568,0.00382044399739,0.021506205221,0.0155342929622,0.0250677767291,0.0572003416821,0.0260255652775,0.0136125116838,0.0152094186635,0.0103627870355,0.0114450462459,0.0258378069896,0.0380888511196,0.00607036322198,0.0132955424812,0.0112270625938,0.0163329540221,0.0306627795769,0.0128619136424,0.0949248975803,0.0143281001541,0.0285070679263,0.0105821093305,0.0131032249984,0.0147837961842,-0.0126154026301,-0.000450551933731,0.0751093476738,0.00659584655835,0.0207195031947,0.0431101236537
58,4/6/2017,-0.00132013220492,-0.00696866931609,0.0,0.01168902864,0.00109950533342,0.00567109270382,0.0148543845382,0.00165152803847,-0.00970519002596,-0.00241254640538,0.00594885751977,-0.00348129159251,-0.0137933221323,-0.00765553978133,-0.0028409110016,0.0086331471447,0.00449102551246,-0.0422187880665,-0.00956030226198,0.000500625792684,0.00376648279548,0.0376554743553,0.00142146434738,0.00651892790982,0.00527109654186,0.0356681166414,-0.00188857468787,0.0129034048359,-0.00739101664639,0.0195520892074,0.00106439605579,0.0954853264901,0.00250731430978,-0.00589972212719,-0.000877577941359,-0.00802024201084,0.0,0.00389864041566,-0.00678275265979,0.0,0.0141434814584,0.000759205401518,0.0501956457782
59,4/7/2017,-0.011960275463,-0.0120604476925,0.0,-0.0110862558671,-0.0267276489058,0.00563911268777,-0.0148543845382,-0.0116183879539,0.00337015859145,0.0,-0.009535233151,-0.00612157574083,-0.0321788983642,-0.00481464579554,-0.0186652942194,0.000954654010451,-0.00824901565479,0.00666916143628,0.0180871184911,0.00946457874571,-0.0100756519887,-0.0161248976149,-0.00142146434738,-0.00979439759229,-0.00451637952491,-0.0155793353575,0.00377358938364,-0.0190741477626,-0.0134430702565,0.00341103230106,-0.00106439605579,-0.0302245229087,-0.0109107251062,0.00785858661252,0.0,-0.00989068455569,-0.00842110239641,-0.0326277088565,-0.00090785299018,0.0,-0.00940672638222,-0.0181242995677,-0.0397023700623
60,4/10/2017,-0.0486230658317,0.0,0.048818191468,-0.0118201103418,-0.0309480286208,0.0148839956992,-0.0298367671129,-0.0117549632314,-0.0466802420886,-0.00484262447579,-0.0132611949414,-0.01324522675,-0.068869938301,-0.00386847677792,-0.0279224606196,-0.0221909733085,0.0171710079238,0.0950415792118,-0.0152094186635,-0.0472049067286,-0.0165925950934,-0.0243983733718,-0.0244792640848,-0.0272713941087,-0.0148207158927,-0.0435006195423,-0.00377358938364,-0.0863863379043,-0.0336423164182,-0.00113571846393,0.00212766037712,0.0713967187983,0.0258240089569,-0.0151169490628,-0.0114791547475,-0.0799172135402,0.0,-0.031651442548,-0.0393660461478,0.0,-0.0306353538891,-0.054797352082,-0.0413440514363
61,4/11/2017,0.00280308522712,-0.00914175995809,0.0144688111199,0.0106142012418,-0.00700937449258,-0.0106754320874,-0.0279191779973,-0.0136056520558,-0.000391772776803,0.00966191091174,0.00484262447579,-0.0279423316566,0.0146433367011,0.00676004505772,0.00594355390085,0.00486618965117,-0.00817544501524,0.0336776627237,-0.0622423088772,-0.0125524660711,0.0,0.00629833172815,0.00436364328777,0.00605043862577,0.0474766788668,0.00291121020746,0.0,0.0166071483112,0.00155400186673,-0.0288204385355,-0.00532766310779,0.0314335226015,-0.0174205981605,0.0131580845775,0.0097216850509,0.00488202759731,0.0,0.00723517368078,-0.0157108682616,0.0,0.0119226449569,0.020469338435,0.0172566836233
62,4/12/2017,-0.016937596162,-0.00511510066677,-0.00387490105655,-0.00909097170125,-0.033376161157,-0.00843491411506,-0.012535776695,-0.00515022597632,0.0054709007109,-0.00481928643595,-0.00605695370819,-0.0119541653427,-0.00364078072066,-0.0028915682798,0.0,-0.00681931527205,0.0,-0.0853598489512,0.0241703609278,-0.0105821093305,0.00128617381074,-0.0161108202727,0.0101083893208,-0.0121377080144,-0.0270136685244,-0.0164869094389,0.0112783150377,-0.0138616080866,0.0380853340239,0.00583092031079,-0.0107412418314,-0.1028302414,-0.0237098320791,-0.00327332534497,0.0148409533175,0.0720185924035,-0.012766130823,-0.0113931838294,-0.0406420682895,0.0,-0.00148257996022,-0.0177519454585,-0.0295160315566
63,4/13/2017,0.00779869248582,-0.00102616735531,-0.000554785035034,-0.0024382822199,0.00844905448653,0.0255530744246,0.0170555584006,-0.00344827927892,0.0011684519343,0.00481928643595,0.00363857284391,-0.00929374719146,0.0275796856991,0.000964785410099,0.0,0.0,0.0,0.0203017123174,-0.0292802340801,0.0111082866644,-0.00774197415362,-0.000580214695709,-0.0380719479494,0.00406229400888,-0.00828629976708,0.00331919906429,0.0,0.00769712055894,-0.0120302202765,0.0218525084376,0.00431035150112,0.0946535809626,0.00342173131116,0.00457966125902,-0.00173460581221,0.0953101798043,0.00213903824875,0.00312012733624,0.00796420337048,0.0,-0.00632560248759,0.00379198720902,-0.00132245996792
64,4/14/2017,-0.0264773964604,-0.0281122104565,-0.00222222313672,0.000915052679375,-0.0556041924038,-0.0115341532453,-0.00565292630279,0.0,0.00155581517186,-0.0169701042185,-0.00973243691823,-0.0293720783123,-0.024544782004,-0.00968999830097,-0.0134230203321,-0.0157638732331,-0.0226424767498,-0.039581138459,-0.0092640909598,-0.035880689672,-0.0302455665076,-0.00757358703122,-0.00298953884837,-0.0225496401267,-0.0268318128155,-0.00294985464642,-0.00187090793581,-0.012193755665,-0.032285663498,-0.0253469790874,-0.032789822823,-0.0419172848817,-0.0400750489592,-0.016453151674,-0.0210534091978,-0.0224978243294,-0.0172418064345,-0.0305769735693,0.0024758616262,0.0,0.00965832173597,-0.00162337697989,-0.0460370100709
65,4/17/2017,-0.0182954243211,0.0177922014245,-0.00753667210135,-0.022507501685,-0.0548440300378,-0.013548443636,0.0,-0.013913267917,0.0249485209955,-0.00736199644107,-0.00613122705494,0.00479617226349,-0.00303490369515,0.00291687129512,-0.00602411460338,-0.0405323972653,0.0121397545506,-0.0517867185716,-0.0219559264014,-0.0038240964384,-0.0339475911315,-0.0314846320701,-0.0196529379014,-0.0216564523778,-0.0093677500036,-0.0337996875623,-0.00187441479435,-0.0230477467951,-0.0221178052536,-0.0248093055131,-0.0224728558521,-0.0120587163201,0.00708594638949,-0.0120161659425,-0.00622500898584,-0.105360515658,-0.0354019270509,0.0,-0.0627596887681,-0.0641171973077,-0.0281180661088,-0.0394915323831,-0.0366927333594
66,4/18/2017,-0.00369959726446,0.00310720084275,-0.0278427076284,-0.01065840811,0.0120081496284,0.000470256298344,0.0,-0.00175284882741,-0.0133564282827,-0.00990107098271,-0.0148701624795,-0.0144580831752,-0.0627164738676,0.0,-0.0106303203018,-0.0156334606619,0.0105027221991,-0.00685716972614,-0.00211640290638,-0.0322608622182,-0.022347298692,-0.088274038078,-0.00612559342668,-0.0257524961024,-0.00747887760735,-0.0282800174852,-0.00942514045958,-0.0121151114502,-0.00963089306096,-0.0303605589693,-0.0429549494704,-0.0352770265808,-0.0250236470762,-0.00134408622385,-0.0170944333593,-0.105221809783,-0.0250868344297,-0.00214362354325,0.0244485519337,-0.0404727058565,0.00757579380846,-0.0119015289774,-0.0222877442674
67,4/19/2017,-0.0423984774359,0.00721280818924,-0.0118824757018,-0.00695764982592,-0.0872525442403,-0.00613064877005,0.0,-0.0212773984473,-0.00771311189873,-0.0251902488286,-0.017632698651,0.00484262447579,-0.043657726621,-0.00194363520857,-0.0500887168478,-0.0223057575143,0.00446761725972,0.0419223063863,-0.0246661298902,-0.0339210446631,-0.0286552557604,-0.0301126800597,-0.00771013842597,-0.0399166074054,-0.00276953688402,-0.0599126945502,-0.0386148361278,-0.0305447653219,-0.0244910200083,-0.030039805698,-0.0167468028666,-0.0144667984178,-0.0359320092261,-0.0196950338916,-0.0201656695946,-0.0640763071243,-0.0257324139665,-0.0461113519594,0.00205338881184,-0.0404303094301,0.00451807997479,0.00426682484916,-0.0253052450913
68,4/20/2017,-0.0274419415115,0.0617111191769,-0.0046756368056,0.00221905305831,0.017217068043,0.0229142595229,0.0,-0.0309396835348,-0.0160003413464,-0.00768249617202,-0.0257414470501,-0.00970881412696,-0.00951094125963,-0.0019474202844,-0.0129242509809,-0.00538504263089,0.0125509214919,-0.0184984927122,-0.0109171389953,-0.0236697440859,-0.0131677103746,0.0168410851308,0.00617285910708,-0.0151978609094,0.0071062280883,0.00540879205032,-0.00790517950711,0.00692781880852,0.00658980967906,-0.00254453063499,-0.00483676880061,-0.05812319925,0.00281030629926,-0.0242983144788,0.0,-0.0554853551208,-0.00952388151126,-0.0169975763686,0.0,0.0675932911325,0.0056190445653,-0.0203591261379,-0.0116250993295
69,4/21/2017,-0.020072934096,0.00385356931599,0.00409237636328,0.000633111765371,-0.0186652942194,-0.0300351061324,0.0,-0.0949405623542,-0.0495969411394,-0.0129367910307,0.0282795194786,-0.013752672552,0.0,0.0,-0.013093476747,-0.0021621630045,-0.0320564161161,-0.00674412447537,0.00109709281437,0.0166274614605,-0.011851990587,-0.0202436062766,0.0,0.00762780204889,-0.0110760625992,-0.0243607174662,-0.0160003413464,-0.014442615311,-0.00658980967906,-0.00255102179161,-0.00729930248161,-0.01165061722,-0.0056285326831,0.0014044946129,-0.00185356864932,-0.0110020756147,0.00952388151126,0.0,-0.0217737995496,0.0583922202889,0.0250843104233,-0.00115942041974,-0.0035650661645
70,4/24/2017,-0.0439357857046,-0.015504186536,-0.0326148089673,-0.00380469704366,-0.0674412807955,0.00285442629585,0.0240840540255,0.0949405623542,-0.0604954445463,-0.0452807045332,-0.0282795194786,-0.0270693219682,-0.0460975467857,-0.019685675071,-0.0541587502621,-0.0419951210366,0.0135442251078,-0.0174445075916,-0.0266682470822,-0.00649928432532,-0.0302594947631,-0.0684087593208,-0.0376219917896,-0.0619077394928,-0.026195332198,-0.0416726964006,-0.0286318126743,-0.0429344972723,-0.0543427413161,-0.0364149467418,-0.0222231367847,-0.0137661957641,-0.0571030780903,-0.0227121189229,-0.0272701430726,-0.0922331329171,-0.0460687520893,-0.1047257965,-0.0938960857671,-0.0205550681386,-0.0447001789179,-0.0333216734339,-0.0529057645031
