Date,Price,Return
2014-01-01,2227.44,
2014-01-02,2226.66,-0.000350239
2014-01-03,2188.12,-0.017459977
2014-01-06,2152.32,-0.016496398
2014-01-07,2152.77,0.000209055
2014-01-08,2168.95,0.007487794
2014-01-09,2139.58,-0.013633631
2014-01-10,2134.82,-0.002227214
2014-01-13,2132,-0.001321828
2014-01-14,2140.77,0.004105071
2014-01-15,2146.01,0.002444727
2014-01-16,2147.37,0.000633534
2014-01-17,2133.39,-0.006531574
2014-01-20,2115.65,-0.00835017
2014-01-21,2135.57,0.009371496
2014-01-22,2169.94,0.015965927
2014-01-23,2144.39,-0.011844388
2014-01-24,2130.37,-0.006559456
2014-01-27,2094.68,-0.016894876
2014-01-28,2101.21,0.003112572
2014-01-29,2119.68,0.008751765
2014-01-30,2106.37,-0.006299047
2014-01-31,2104.29,-0.000987969
2014-02-03,2099.13,-0.002455145
2014-02-04,2068.57,-0.014665426
2014-02-05,2063.96,-0.00223108
2014-02-06,2071.66,0.003723751
2014-02-07,2095.92,0.01164238
2014-02-10,2125.99,0.014244978
2014-02-11,2148.51,0.010537002
2014-02-12,2164.44,0.007387089
2014-02-13,2154.44,-0.004630838
2014-02-14,2169.48,0.006956679
2014-02-17,2195.44,0.011894975
2014-02-18,2188.65,-0.003097567
2014-02-19,2195.75,0.003238758
2014-02-20,2173.43,-0.010217109
2014-02-21,2163.85,-0.004417522
2014-02-24,2134.14,-0.013825287
2014-02-25,2094.05,-0.018963765
2014-02-26,2107.57,0.006435635
2014-02-27,2123.13,0.00735579
2014-02-28,2127.17,0.001901043
2014-03-03,2123.33,-0.001806847
2014-03-04,2127.63,0.002023073
2014-03-05,2116.35,-0.005315777
2014-03-06,2131.16,0.006973526
2014-03-07,2126.64,-0.002123163
2014-03-10,2069.26,-0.027352214
2014-03-11,2068.87,-0.000188491
2014-03-12,2054,-0.007213453
2014-03-13,2056.51,0.00122126
2014-03-14,2034.72,-0.010652154
2014-03-17,2039.18,0.002189549
2014-03-18,2047.4,0.004022929
2014-03-19,2036.14,-0.005514837
2014-03-20,1994.37,-0.020727648
2014-03-21,2036.27,0.020791492
2014-03-24,2067.22,0.015085007
2014-03-25,2055.51,-0.005680717
2014-03-26,2059.29,0.001837271
2014-03-27,2043.22,-0.007834268
2014-03-28,2055.37,0.005928886
2014-03-31,2060.75,0.002614114
2014-04-01,2083.75,0.011099161
2014-04-02,2086.27,0.001208627
2014-04-03,2077.58,-0.004174028
2014-04-04,2075.76,-0.000876403
2014-04-07,2070.67,-0.002455125
2014-04-08,2116,0.021655288
2014-04-09,2131.55,0.007321901
2014-04-10,2153.32,0.010161423
2014-04-11,2133.02,-0.009472021
2014-04-14,2133.72,0.000328119
2014-04-15,2099.2,-0.016310616
2014-04-16,2102.47,0.001556524
2014-04-17,2104.99,0.001197872
2014-04-18,2105.56,0.000270748
2014-04-21,2090.04,-0.00739826
2014-04-22,2089.08,-0.000459427
2014-04-23,2077.46,-0.005577784
2014-04-24,2071.3,-0.002969564
2014-04-25,2042.43,-0.014036154
2014-04-28,2010.22,-0.015896107
2014-04-29,2034.56,0.01203541
2014-04-30,2023.25,-0.00557445
2014-05-01,2026.52,0.001614907
2014-05-02,2031.98,0.002690651
2014-05-05,2029.88,-0.001034009
2014-05-06,2032.49,0.001284964
2014-05-07,2002.56,-0.01483528
2014-05-08,2006.81,0.002120035
2014-05-09,2003.16,-0.001820463
2014-05-12,2044.3,0.020329499
2014-05-13,2044.58,0.000136957
2014-05-14,2055.06,0.005112655
2014-05-15,2047.13,-0.003866232
2014-05-16,2043.29,-0.001877558
2014-05-19,2031.23,-0.005919733
2014-05-20,2035,0.001854298
2014-05-21,2053.51,0.009054705
2014-05-22,2061.31,0.003791179
2014-05-23,2071.37,0.004868521
2014-05-26,2077.41,0.002911701
2014-05-27,2068.6,-0.004249876
2014-05-28,2083.08,0.006975518
2014-05-29,2073.66,-0.004532406
2014-05-30,2072.97,-0.0003328
2014-06-02,2073.13,7.72E-05
2014-06-03,2083.14,0.004816828
2014-06-04,2066.3,-0.008116802
2014-06-05,2078.46,0.005867667
2014-06-06,2071.19,-0.003503914
2014-06-09,2079.97,0.004230149
2014-06-10,2109.26,0.013983705
2014-06-11,2109.81,0.000260721
2014-06-12,2102.64,-0.003404198
2014-06-13,2121.07,0.00872698
2014-06-16,2126.21,0.002420374
2014-06-17,2113.4,-0.006043027
2014-06-18,2108.06,-0.002529932
2014-06-19,2086.99,-0.010045257
2014-06-20,2093.54,0.003133577
2014-06-23,2078.26,-0.007325408
2014-06-24,2088.64,0.004982131
2014-06-25,2082.81,-0.002795193
2014-06-26,2107.57,0.011817682
2014-06-27,2109.95,0.001128625
2014-06-30,2122.92,0.006128249
2014-07-01,2126.27,0.001576771
2014-07-02,2140.03,0.006450577
2014-07-03,2149.88,0.004592179
2014-07-04,2150.65,0.000358095
2014-07-07,2147.53,-0.001451778
2014-07-08,2147.64,5.12E-05
2014-07-09,2119.81,-0.013043103
2014-07-10,2118.72,-0.000514329
2014-07-11,2122.58,0.001820197
2014-07-14,2143.71,0.009905643
2014-07-15,2152.21,0.003957248
2014-07-16,2151.3,-0.000422911
2014-07-17,2142.28,-0.004201628
2014-07-18,2143.54,0.000587986
2014-07-21,2141.99,-0.000723364
2014-07-22,2175.16,0.015366922
2014-07-23,2189.82,0.006717124
2014-07-24,2212.44,0.01027663
2014-07-25,2236.38,0.010762508
2014-07-28,2273.31,0.016378432
2014-07-29,2279.68,0.002798163
2014-07-30,2277.34,-0.001026987
2014-07-31,2285.43,0.003546095
2014-08-01,2264.01,-0.009416613
2014-08-04,2296.14,0.014091875
2014-08-05,2294.92,-0.000531468
2014-08-06,2294.67,-0.000108942
2014-08-07,2270.07,-0.010778374
2014-08-08,2273.9,0.001685751
2014-08-11,2308.08,0.014919591
2014-08-12,2308.58,0.000216607
2014-08-13,2320.22,0.005029392
2014-08-14,2302.37,-0.007722982
2014-08-15,2321.65,0.008339113
2014-08-18,2331.42,0.004199384
2014-08-19,2336.39,0.002129479
2014-08-20,2331.82,-0.001957925
2014-08-21,2316.31,-0.006673676
2014-08-22,2325.45,0.003938166
2014-08-25,2317.3,-0.003510854
2014-08-26,2304.52,-0.005530303
2014-08-27,2301.06,-0.001502525
2014-08-28,2279.82,-0.009273394
2014-08-29,2295.52,0.006862905
2014-09-01,2305.7,0.004424921
2014-09-02,2324.66,0.008189474
2014-09-03,2366.37,0.017783344
2014-09-04,2375.58,0.003884483
2014-09-05,2385.01,0.003961699
2014-09-08,2385.89,0.000368903
2014-09-09,2384.83,-0.000444377
2014-09-10,2357.38,-0.01157701
2014-09-11,2348.5,-0.003774006
2014-09-12,2352.26,0.001599742
2014-09-15,2335.23,-0.007266181
2014-09-16,2299.36,-0.015479564
2014-09-17,2323.88,0.010607379
2014-09-18,2322.88,-0.000430407
2014-09-19,2331.31,0.003622546
2014-09-22,2288.65,-0.018468217
2014-09-23,2293.12,0.001951212
2014-09-24,2322.44,0.012705021
2014-09-25,2313.66,-0.003787671
2014-09-26,2309.26,-0.001903559
2014-09-29,2294.49,-0.00641653
2014-09-30,2285.1,-0.00410081
2014-10-01,2281.12,-0.001743237
2014-10-02,2283.02,0.000832577
2014-10-03,2289.93,0.003022122
2014-10-06,2301.52,0.005048525
2014-10-07,2306.46,0.002144107
2014-10-08,2314.86,0.003635329
2014-10-09,2327.46,0.005428334
2014-10-10,2293.32,-0.014776995
2014-10-13,2282.29,-0.004821224
2014-10-14,2275.83,-0.002834504
2014-10-15,2289.87,0.006150226
2014-10-16,2273.24,-0.007288921
2014-10-17,2274.46,0.000536535
2014-10-20,2292.78,0.008022394
2014-10-21,2284.01,-0.003832385
2014-10-22,2289.68,0.0024794
2014-10-23,2274.36,-0.006713376
2014-10-24,2274.86,0.000219818
2014-10-27,2259.61,-0.00672628
2014-10-28,2306.49,0.020534656
2014-10-29,2335.67,0.012571899
2014-10-30,2342.68,0.002996785
2014-10-31,2370.04,0.011611259
2014-11-03,2367.92,-0.0008949
2014-11-04,2371.97,0.001708901
2014-11-05,2355.29,-0.007056971
2014-11-06,2356.43,0.0004839
2014-11-07,2342.17,-0.006069912
2014-11-10,2383.01,0.017286544
2014-11-11,2373.96,-0.003804948
2014-11-12,2393.92,0.008372743
2014-11-13,2390.96,-0.001237231
2014-11-14,2397.18,0.002598088
2014-11-17,2376.26,-0.008765223
2014-11-18,2356.02,-0.008554068
2014-11-19,2345.15,-0.004624389
2014-11-20,2342.31,-0.001211744
2014-11-21,2365.52,0.009860249
2014-11-24,2409.85,0.018566634
2014-11-25,2425.7,0.006555638
2014-11-26,2450.54,0.010188266
2014-11-27,2453.65,0.001268303
2014-11-28,2475.05,0.008683886
2014-12-01,2442.56,-0.013213928
2014-12-02,2492.98,0.020432112
2014-12-03,2500.87,0.003159889
2014-12-04,2574.69,0.029090467
2014-12-05,2580.04,0.002075764
2014-12-08,2625.07,0.01730266
2014-12-09,2527.26,-0.03797185
2014-12-10,2586.97,0.023351595
2014-12-11,2574.75,-0.004734865
2014-12-12,2577.05,0.000892892
2014-12-15,2579.45,0.000930864
2014-12-16,2585.01,0.002153179
2014-12-17,2599.04,0.00541277
2014-12-18,2621.05,0.008432855
2014-12-19,2651.18,0.011429823
2014-12-22,2668.15,0.006380524
2014-12-23,2623.2,-0.016990402
2014-12-24,2593.47,-0.011398199
2014-12-25,2636.5,0.016455533
2014-12-26,2673.63,0.01398482
2014-12-29,2698.19,0.009144078
2014-12-30,2686.33,-0.004405228
2014-12-31,2724.24,0.01401354
2015-01-01,2724.24,0
2015-01-02,2740.09,0.005801276
2015-01-05,2784.66,0.016135017
2015-01-06,2788.14,0.001248924
2015-01-07,2799.51,0.004069695
2015-01-08,2780.57,-0.006788459
2015-01-09,2779.37,-0.000431659
2015-01-12,2755.11,-0.008766914
2015-01-13,2768.63,0.004895244
2015-01-14,2753.32,-0.005545157
2015-01-15,2802.46,0.017690147
2015-01-16,2805.27,0.001002188
2015-01-19,2658.12,-0.053880685
2015-01-20,2706.7,0.018111075
2015-01-21,2797.47,0.032985257
2015-01-22,2810.91,0.004792837
2015-01-23,2820.08,0.003256979
2015-01-26,2831.75,0.004129642
2015-01-27,2814.26,-0.006195546
2015-01-28,2788.72,-0.00911664
2015-01-29,2758.68,-0.010830405
2015-01-30,2728.01,-0.011179899
2015-02-02,2688.16,-0.014715461
2015-02-03,2732.53,0.016370975
2015-02-04,2726.22,-0.002311886
2015-02-05,2710.27,-0.005867773
2015-02-06,2675.62,-0.012867132
2015-02-09,2673.77,-0.000691668
2015-02-10,2706.32,0.012100317
2015-02-11,2709.97,0.001347786
2015-02-12,2721.04,0.004076595
2015-02-13,2750.35,0.010714016
2015-02-16,2762.63,0.004454948
2015-02-17,2775.32,0.004582931
2015-02-18,2776.19,0.000313428
2015-02-19,2775.52,-0.000241367
2015-02-20,2776.27,0.000270183
2015-02-23,2776.97,0.000252105
2015-02-24,2779.53,0.000921443
2015-02-25,2765.26,-0.005147186
2015-02-26,2808.52,0.015522991
2015-02-27,2804.23,-0.001528663
2015-03-02,2822.41,0.006462138
2015-03-03,2776.73,-0.016317154
2015-03-04,2781.71,0.00179187
2015-03-05,2768.31,-0.004828821
2015-03-06,2759.75,-0.00309693
2015-03-09,2788.39,0.010324272
2015-03-10,2771.44,-0.006097328
2015-03-11,2760.74,-0.003868281
2015-03-12,2790.78,0.010822367
2015-03-13,2809.16,0.00656438
2015-03-16,2859.5,0.017761278
2015-03-17,2886.33,0.009339015
2015-03-18,2945.65,0.020343707
2015-03-19,2971.79,0.008834959
2015-03-20,2979.42,0.002564186
2015-03-23,3019.85,0.013478511
2015-03-24,3019.78,-2.32E-05
2015-03-25,3005.72,-0.004666841
2015-03-26,3006.33,0.000202926
2015-03-27,3011.84,0.001831122
2015-03-30,3093.04,0.026603238
2015-03-31,3085.6,-0.002408298
2015-04-01,3132.36,0.015040586
2015-04-02,3155.22,0.00727151
2015-04-03,3171.18,0.005045534
2015-04-06,3170.16,-0.000321699
2015-04-07,3211.87,0.013071262
2015-04-08,3289.91,0.024006887
2015-04-09,3299.99,0.003059229
2015-04-10,3356.38,0.016943574
2015-04-13,3446.32,0.026443983
2015-04-14,3421.58,-0.007204562
2015-04-15,3400.5,-0.006179953
2015-04-16,3476.08,0.021982742
2015-04-17,3508.38,0.00924917
2015-04-20,3451.85,-0.016244073
2015-04-21,3532.64,0.023135148
2015-04-22,3600,0.018888379
2015-04-23,3598.47,-0.00042509
2015-04-24,3591.96,-0.001810741
2015-04-27,3650.21,0.016086686
2015-04-28,3615.76,-0.009482632
2015-04-29,3626.82,0.003054163
2015-04-30,3593.01,-0.00936594
2015-05-01,3593.88,0.000242108
2015-05-04,3614.3,0.0056658
2015-05-05,3496.67,-0.033087112
2015-05-06,3455.84,-0.011745533
2015-05-07,3381.62,-0.021710669
2015-05-08,3448.9,0.019700455
2015-05-11,3524.37,0.021646357
2015-05-12,3536.59,0.003461289
2015-05-13,3527.71,-0.002514051
2015-05-14,3528.14,0.000121885
2015-05-15,3513.8,-0.004072747
2015-05-18,3494.76,-0.005433369
2015-05-19,3570.56,0.021457742
2015-05-20,3576.82,0.001751691
2015-05-21,3624.33,0.013195306
2015-05-22,3697.83,0.020076717
2015-05-25,3769.92,0.01930762
2015-05-26,3833.55,0.016737486
2015-05-27,3826.82,-0.001757096
2015-05-28,3638.09,-0.050575352
2015-05-29,3640.69,0.000714405
2015-06-01,3763.92,0.033287743
2015-06-02,3801.8,0.010013671
2015-06-03,3789.27,-0.00330125
2015-06-04,3793.63,0.001149956
2015-06-05,3815.18,0.005664501
2015-06-08,3859,0.011420237
2015-06-09,3820.45,-0.010039866
2015-06-10,3806.44,-0.003673848
2015-06-11,3824.66,0.004775205
2015-06-12,3861.4,0.009560238
2015-06-15,3791.79,-0.018191609
2015-06-16,3683.08,-0.029088844
2015-06-17,3731.08,0.012948377
2015-06-18,3637.37,-0.025436843
2015-06-19,3487.74,-0.042006931
2015-06-22,3502.15,0.004123104
2015-06-23,3578.38,0.021533118
2015-06-24,3630.25,0.014391332
2015-06-25,3532.05,-0.027423078
2015-06-26,3333.5,-0.057855636
2015-06-29,3219.64,-0.034753251
2015-06-30,3367.2,0.044811986
2015-07-01,3264.8,-0.030883033
2015-07-02,3177.07,-0.027239117
2015-07-03,3058.45,-0.038051137
2015-07-06,3046.78,-0.003822956
2015-07-07,2976.05,-0.023488377
2015-07-08,2798.44,-0.061534799
2015-07-09,2950.58,0.052939642
2015-07-10,3074.03,0.040987643
2015-07-13,3147.19,0.023520587
2015-07-14,3105.34,-0.013386781
2015-07-15,3019.11,-0.028161124
2015-07-16,3046.67,0.009087105
2015-07-17,3136.91,0.029189048
2015-07-20,3144.36,0.002372133
2015-07-21,3165.8,0.006795416
2015-07-22,3142.65,-0.007339395
2015-07-23,3192.72,0.015806825
2015-07-24,3143.41,-0.01556502
2015-07-27,2934.37,-0.068815418
2015-07-28,2907.19,-0.009305801
2015-07-29,2977.58,0.023923911
2015-07-30,2921.05,-0.019167749
2015-07-31,2916.39,-0.001596591
2015-08-03,2899,-0.0059807
2015-08-04,2967.2,0.023252897
2015-08-05,2944.48,-0.007686516
2015-08-06,2927.29,-0.005855151
2015-08-07,2972.69,0.015390186
2015-08-10,3063.13,0.029970002
2015-08-11,3010.45,-0.0173477
2015-08-12,2942.98,-0.022666896
2015-08-13,2978.9,0.012131431
2015-08-14,2981.3,0.000805342
2015-08-17,2986.07,0.001598695
2015-08-18,2848.33,-0.047225284
2015-08-19,2862.97,0.00512669
2015-08-20,2779.89,-0.029448189
2015-08-21,2683.02,-0.035468333
2015-08-24,2481.53,-0.07806772
2015-08-25,2377.96,-0.042632328
2015-08-26,2358.16,-0.008361323
2015-08-27,2483.79,0.051903966
2015-08-28,2544.89,0.024301808
2015-08-31,2544.95,2.36E-05
2015-09-01,2496.55,-0.019201225
2015-09-02,2489.17,-0.002960457
2015-09-03,2489.78,0.000245032
2015-09-04,2480.96,-0.003548771
2015-09-07,2432.99,-0.019524628
2015-09-08,2500.85,0.02750972
2015-09-09,2568.28,0.02660574
2015-09-10,2528.93,-0.015440126
2015-09-11,2524.88,-0.001602752
2015-09-14,2489.81,-0.013987135
2015-09-15,2431.34,-0.023763857
2015-09-16,2530.67,0.040041544
2015-09-17,2499.33,-0.012461394
2015-09-18,2505.52,0.002473602
2015-09-21,2521.23,0.00625058
2015-09-22,2523.54,0.0009158
2015-09-23,2465.04,-0.023454643
2015-09-24,2473.08,0.003256303
2015-09-25,2450.48,-0.009180414
2015-09-28,2453.63,0.001284637
2015-09-29,2404.98,-0.020026973
2015-09-30,2437.33,0.01336159
2015-10-01,2437.26,-2.87E-05
2015-10-02,2479.91,0.017347812
2015-10-05,2496.03,0.0064792
2015-10-06,2495.42,-0.000244418
2015-10-07,2530.85,0.014098163
2015-10-08,2562.02,0.012240795
2015-10-09,2591.83,0.01156818
2015-10-12,2660.3,0.026074708
2015-10-13,2649.55,-0.004049084
2015-10-14,2618.87,-0.011646887
2015-10-15,2681.6,0.023670704
2015-10-16,2706.9,0.009390437
2015-10-19,2710.81,0.001443415
2015-10-20,2725.69,0.005474124
2015-10-21,2668,-0.021392479
2015-10-22,2689.05,0.007858843
2015-10-23,2732.43,0.016003352
2015-10-26,2746.78,0.005237993
2015-10-27,2757.15,0.003768221
2015-10-28,2719.67,-0.013686988
2015-10-29,2717.69,-0.000728295
2015-10-30,2730.5,0.004702488
2015-11-02,2694.5,-0.013272084
2015-11-03,2695.27,0.000285726
2015-11-04,2788.35,0.033951638
2015-11-05,2810.94,0.008068924
2015-11-06,2836.91,0.009196485
2015-11-09,2841.01,0.001444191
2015-11-10,2823.75,-0.006093834
2015-11-11,2818.23,-0.00195676
2015-11-12,2822.9,0.001655697
2015-11-13,2769.74,-0.019011272
2015-11-16,2770.21,0.000169677
2015-11-17,2773.17,0.001067941
2015-11-18,2755.28,-0.006471999
2015-11-19,2798.3,0.015493019
2015-11-20,2817.58,0.006866271
2015-11-23,2807.15,-0.003708627
2015-11-24,2799.89,-0.002589603
2015-11-25,2810.36,0.003732458
2015-11-26,2800.11,-0.003653887
2015-11-27,2694.29,-0.038523983
2015-11-30,2701.15,0.002542889
2015-12-01,2722.01,0.00769297
2015-12-02,2769.7,0.017368433
2015-12-03,2774.54,0.001745957
2015-12-04,2741.38,-0.012023524
2015-12-07,2748.98,0.002768491
2015-12-08,2704.48,-0.016320277
2015-12-09,2693.1,-0.004216711
2015-12-10,2678.88,-0.00529415
2015-12-11,2642.46,-0.013688495
2015-12-14,2673.36,0.011625807
2015-12-15,2676.57,0.001200016
2015-12-16,2693.61,0.006346177
2015-12-17,2722.04,0.010499298
2015-12-18,2719.01,-0.001113756
2015-12-21,2766.5,0.01731514
2015-12-22,2775.53,0.003258737
2015-12-23,2778.22,0.000968715
2015-12-24,2768.79,-0.003400033
2015-12-25,2775.25,0.002330432
2015-12-28,2715.53,-0.021753687
2015-12-29,2734.33,0.006899287
2015-12-30,2725.93,-0.003076779
2015-12-31,2712.5,-0.004938935
2016-01-01,2712.5,0
2016-01-04,2551.88,-0.061040376
2016-01-05,2549.78,-0.000823261
2016-01-06,2559.82,0.003929863
2016-01-07,2401.97,-0.06364771
2016-01-08,2430.35,0.011746046
2016-01-11,2328.31,-0.042892597
2016-01-12,2335.82,0.003220325
2016-01-13,2305.06,-0.013256301
2016-01-14,2331.64,0.011465176
2016-01-15,2262.17,-0.030247353
2016-01-18,2262.43,0.000114927
2016-01-19,2324.5,0.027065505
2016-01-20,2272.3,-0.022712428
2016-01-21,2220.46,-0.023078153
2016-01-22,2262.16,0.018605727
2016-01-25,2279.09,0.007456131
2016-01-26,2176.37,-0.046117889
2016-01-27,2171.55,-0.002217153
2016-01-28,2137.34,-0.015879133
2016-01-29,2197.18,0.027612655
2016-02-01,2175.01,-0.010141458
2016-02-02,2188.06,0.005982044
2016-02-03,2161.48,-0.012222134
2016-02-04,2193.39,0.01465512
2016-02-05,2184.96,-0.00385077
2016-02-08,2180.71,-0.00194701
2016-02-09,2178.59,-0.000972633
2016-02-10,2181.7,0.001426511
2016-02-11,2144.59,-0.017155997
2016-02-12,2138.6,-0.002796983
2016-02-15,2176,0.01733692
2016-02-16,2236.9,0.02760265
2016-02-17,2242.51,0.002504795
2016-02-18,2259.98,0.007760189
2016-02-19,2259.36,-0.000274376
2016-02-22,2299.19,0.0174753
2016-02-23,2278.36,-0.009101001
2016-02-24,2279.02,0.00028964
2016-02-25,2176.98,-0.045806931
2016-02-26,2209.93,0.015022246
2016-02-29,2164.77,-0.020646721
2016-03-01,2206.7,0.019184067
2016-03-02,2278.95,0.032216624
2016-03-03,2283.2,0.001863157
2016-03-04,2312.89,0.012919857
2016-03-07,2326.08,0.005686622
2016-03-08,2318.21,-0.003389111
2016-03-09,2296.15,-0.009561529
2016-03-10,2270.55,-0.011211714
2016-03-11,2294.52,0.010501578
2016-03-14,2328.48,0.014692023
2016-03-15,2316.82,-0.005020138
2016-03-16,2320.56,0.00161298
2016-03-17,2355.43,0.014914765
2016-03-18,2394.59,0.016488725
2016-03-21,2424.61,0.01245866
2016-03-22,2415.07,-0.003942415
2016-03-23,2411.49,-0.001483458
2016-03-24,2376.94,-0.014430868
2016-03-25,2384.47,0.003162931
2016-03-28,2373.96,-0.004417431
2016-03-29,2363.28,-0.004508962
2016-03-30,2427.3,0.026729044
2016-03-31,2432.17,0.002004334
2016-04-01,2424.89,-0.0029977
2016-04-04,2424.39,-0.000206216
2016-04-05,2426.42,0.000836974
2016-04-06,2429.17,0.001132715
2016-04-07,2411.94,-0.007118232
2016-04-08,2405.05,-0.00286071
2016-04-11,2432.27,0.011254284
2016-04-12,2433.36,0.000448041
2016-04-13,2485.01,0.021003665
2016-04-14,2490.08,0.002038155
2016-04-15,2488.67,-0.000566407
2016-04-18,2464.2,-0.00988122
2016-04-19,2479.45,0.00616955
2016-04-20,2441.38,-0.015473308
2016-04-21,2443.91,0.001035763
2016-04-22,2436.04,-0.003225446
2016-04-25,2414.98,-0.008682765
2016-04-26,2423.34,0.003455748
2016-04-27,2414.7,-0.003571698
2016-04-28,2413.18,-0.000629676
2016-04-29,2403.66,-0.003952804
2016-05-02,2398.06,-0.002332499
2016-05-03,2407.59,0.00396617
2016-05-04,2396.74,-0.004516767
2016-05-05,2395.52,-0.000509154
2016-05-06,2346.98,-0.020470931
2016-05-09,2310.22,-0.015786637
2016-05-10,2314.56,0.001876847
2016-05-11,2316.27,0.000738529
2016-05-12,2313.29,-0.00128738
2016-05-13,2296.13,-0.007445657
2016-05-16,2321.34,0.010919508
2016-05-17,2327.05,0.002456766
2016-05-18,2298.96,-0.012144524
2016-05-19,2285.08,-0.006055812
2016-05-20,2299.21,0.006164551
2016-05-23,2303.3,0.001777292
2016-05-24,2300.85,-0.001064257
2016-05-25,2308.6,0.00336266
2016-05-26,2315.45,0.002962773
2016-05-27,2332.6,0.007379472
2016-05-30,2331.08,-0.000651846
2016-05-31,2378.69,0.020218236
2016-06-01,2367.15,-0.004863216
2016-06-02,2372.9,0.002426136
2016-06-03,2381,0.003407732
2016-06-06,2393.04,0.005043957
2016-06-07,2402.78,0.004061876
2016-06-08,2394.99,-0.003247345
2016-06-09,2394.81,-7.52E-05
2016-06-10,2374.35,-0.00858018
2016-06-13,2311.5,-0.026827051
2016-06-14,2313,0.000648719
2016-06-15,2340.81,0.01195164
2016-06-16,2321.01,-0.008494588
2016-06-17,2326.35,0.00229808
2016-06-20,2344.7,0.007856946
2016-06-21,2346.26,0.000665109
2016-06-22,2362.38,0.006847014
2016-06-23,2356.93,-0.002309661
2016-06-24,2306.31,-0.02171108
2016-06-27,2315.3,0.003890424
2016-06-28,2322.95,0.003298661
2016-06-29,2344.43,0.009204372
2016-06-30,2363.93,0.008283186
2016-07-01,2362.35,-0.000668602
2016-07-04,2393.82,0.01323353
2016-07-05,2383.4,-0.004362377
2016-07-06,2371.32,-0.005081278
2016-07-07,2386.29,0.006293096
2016-07-08,2371.81,-0.006086482
2016-07-11,2401.75,0.012544262
2016-07-12,2441.63,0.016468211
2016-07-13,2444.76,0.00128111
2016-07-14,2454.74,0.004073891
2016-07-15,2458.13,0.001380049
2016-07-18,2459.21,0.000439262
2016-07-19,2447.23,-0.004883387
2016-07-20,2455.33,0.003304399
2016-07-21,2464.25,0.00362633
2016-07-22,2449.35,-0.006064818
2016-07-25,2449.66,0.000126556
2016-07-26,2471.49,0.008871968
2016-07-27,2455.39,-0.0065356
2016-07-28,2459.82,0.001802568
2016-07-29,2436.94,-0.009345023
2016-08-01,2441.89,0.002029176
2016-08-02,2444.81,0.001195081
2016-08-03,2434.69,-0.004147972
2016-08-04,2437.14,0.001005782
2016-08-05,2448.89,0.00480964
2016-08-08,2471.85,0.009331997
2016-08-09,2483.93,0.004875125
2016-08-10,2490.07,0.002468839
2016-08-11,2497.08,0.002811227
2016-08-12,2534.34,0.014811199
2016-08-15,2578.39,0.017231925
2016-08-16,2576.71,-0.000651782
2016-08-17,2573.29,-0.001328156
2016-08-18,2578.1,0.001867458
2016-08-19,2574.86,-0.00125753
2016-08-22,2561.05,-0.005377833
2016-08-23,2563.67,0.001022495
2016-08-24,2548.71,-0.005852477
2016-08-25,2536.71,-0.004719383
2016-08-26,2542.45,0.002260217
2016-08-29,2537.83,-0.001818798
2016-08-30,2550.6,0.00501924
2016-08-31,2545.9,-0.001844404
2016-09-01,2545.24,-0.000259274
2016-09-02,2553.22,0.00313036
2016-09-05,2576.1,0.00892132
2016-09-06,2609.1,0.012728707
2016-09-07,2607.48,-0.000621097
2016-09-08,2614.22,0.002581536
2016-09-09,2598.48,-0.006039115
2016-09-12,2540.8,-0.022447667
2016-09-13,2538.24,-0.001008065
2016-09-14,2532.46,-0.002279765
2016-09-15,2540.45,0.003150068
2016-09-16,2539.83,-0.000244081
2016-09-19,2559.19,0.007593653
2016-09-20,2555.2,-0.001560304
2016-09-21,2574.59,0.0075598
2016-09-22,2594.16,0.007572467
2016-09-23,2583.97,-0.003935789
2016-09-26,2539.1,-0.017517288
2016-09-27,2560.13,0.008248351
2016-09-28,2554.91,-0.00204104
2016-09-29,2559.55,0.001814464
2016-09-30,2545.13,-0.005649733
2016-10-03,2557.89,0.005000971
2016-10-04,2565.31,0.002896629
2016-10-05,2572.35,0.002740549
2016-10-06,2579.82,0.002899751
2016-10-07,2572.76,-0.002740376
2016-10-10,2591.08,0.007095525
2016-10-11,2576.44,-0.005666176
2016-10-12,2562.54,-0.005409647
2016-10-13,2540.92,-0.008472734
2016-10-14,2547.74,0.002680472
2016-10-17,2531.18,-0.006521095
2016-10-18,2566.37,0.013806852
2016-10-19,2561.49,-0.001903329
2016-10-20,2565.39,0.001521393
2016-10-21,2565.16,-8.97E-05
2016-10-24,2589.67,0.0095096
2016-10-25,2586.82,-0.001101132
2016-10-26,2566.54,-0.007870634
2016-10-27,2551.62,-0.005830237
2016-10-28,2537.84,-0.005415126
2016-10-31,2534.36,-0.001372186
2016-11-01,2548.77,0.00566975
2016-11-02,2520.59,-0.011117889
2016-11-03,2524.75,0.001649047
2016-11-04,2518.33,-0.002546064
2016-11-07,2536.24,0.007086686
2016-11-08,2547.34,0.004367008
2016-11-09,2513.51,-0.013369495
2016-11-10,2531.98,0.007321423
2016-11-11,2518.11,-0.005492985
2016-11-14,2496.79,-0.008502713
2016-11-15,2504.89,0.003238915
2016-11-16,2506.13,0.000494909
2016-11-17,2509.26,0.001248158
2016-11-18,2497.91,-0.004533507
2016-11-21,2509.02,0.004437856
2016-11-22,2531.91,0.00908172
2016-11-23,2531.23,-0.000268608
2016-11-24,2527.82,-0.001348079
2016-11-25,2546,0.007166229
2016-11-28,2568.42,0.008767424
2016-11-29,2580.9,0.004847251
2016-11-30,2563.97,-0.006581337
2016-12-01,2569.15,0.002018266
2016-12-02,2546.97,-0.008670688
2016-12-05,2525.72,-0.008378247
2016-12-06,2530.12,0.001740562
2016-12-07,2543.78,0.005384431
2016-12-08,2551.17,0.002900914
2016-12-09,2550.67,-0.000196008
2016-12-12,2496.96,-0.021282078
2016-12-13,2503.05,0.002435996
2016-12-14,2490.75,-0.004926118
2016-12-15,2447.01,-0.017716999
2016-12-16,2439.84,-0.002934408
2016-12-19,2428.81,-0.004531038
2016-12-20,2416.61,-0.005035694
2016-12-21,2432.57,0.00658258
2016-12-22,2418.86,-0.005651957
2016-12-23,2406.44,-0.005147878
2016-12-26,2411.52,0.002108777
2016-12-27,2412.2,0.00028194
2016-12-28,2418.3,0.00252562
2016-12-29,2421.25,0.001219122
2016-12-30,2434.9,0.005621752
2017-01-03,2451.63,0.006847422
2017-01-04,2469.18,0.007133002
2017-01-05,2505.76,0.01470597
2017-01-06,2490.61,-0.006064421
2017-01-09,2500.51,0.003967051
2017-01-10,2512.12,0.004632307
2017-01-11,2509.97,-0.000856217
2017-01-12,2500.97,-0.003592144
2017-01-13,2505.81,0.001933379
2017-01-16,2492.54,-0.005309765
2017-01-17,2507.27,0.005892241
2017-01-18,2529.35,0.008767841
2017-01-19,2515.76,-0.005387408
2017-01-20,2518.33,0.001021039
2017-01-23,2535.07,0.006625267
2017-01-24,2544.01,0.003520326
2017-01-25,2550.51,0.002551763
2017-01-26,2566.95,0.006425085
2017-01-27,2561.4,-0.00216444
2017-01-30,2560.1,-0.000507664
2017-01-31,2560.46,0.00014061
2017-02-01,2560.57,4.30E-05
2017-02-03,2546.95,-0.005333325
2017-02-06,2566.55,0.00766602
2017-02-07,2560.81,-0.00223897
2017-02-08,2577.63,0.006546757
2017-02-09,2593.31,0.00606468
2017-02-10,2598.15,0.001864601
2017-02-13,2620.63,0.008615094
2017-02-14,2618.01,-0.00100026
2017-02-15,2624.34,0.002414949
2017-02-16,2644.24,0.007554254
2017-02-17,2624.12,-0.007638088
2017-02-20,2651.06,0.010213958
2017-02-21,2653.7,0.000995333
2017-02-22,2677.95,0.009096684
2017-02-23,2668.35,-0.003591273
2017-02-24,2654.32,-0.005271802
2017-02-27,2637.95,-0.006186401
2017-02-28,2635.68,-0.000860887
2017-03-01,2638.01,0.000883632
2017-03-02,2624.42,-0.005164926
2017-03-03,2613.94,-0.004001258
2017-03-06,2623.44,0.003627772
2017-03-07,2630.85,0.002820554
2017-03-08,2632.76,0.000725738
2017-03-09,2606.94,-0.009855606
2017-03-10,2608.65,0.000655726
,,
,,
,,
,,
